Address,Parcel ID,Tree Type,Reason,Inspect Date
2800 PACIFIC ST N,1002924420007,Ash,EAB,1/3/22
2800 PACIFIC ST N,1002924420007,Ash,EAB,1/3/22
2800 PACIFIC ST N,1002924420007,Ash,EAB,1/3/22
2800 PACIFIC ST N,1002924420007,Ash,EAB,1/3/22
2800 PACIFIC ST N,1002924420007,Ash,EAB,1/3/22
2800 PACIFIC ST N,1002924420007,Ash,EAB,1/3/22
2800 PACIFIC ST N,1002924420007,Ash,EAB,1/3/22
2800 PACIFIC ST N,1002924420007,Ash,EAB,1/3/22
2800 PACIFIC ST N,1002924420007,Ash,EAB,1/3/22
2800 PACIFIC ST N,1002924420007,Ash,EAB,1/3/22
2800 PACIFIC ST N,1002924420007,Ash,EAB,1/3/22
2800 PACIFIC ST N,1002924420007,Ash,EAB,1/3/22
2800 PACIFIC ST N,1002924420007,Ash,EAB,1/3/22
2800 PACIFIC ST N,1002924420007,Ash,EAB,1/3/22
2800 PACIFIC ST N,1002924420007,Ash,EAB,1/3/22
2800 PACIFIC ST N,1002924420007,Ash,EAB,1/3/22
2800 PACIFIC ST N,1002924420007,Ash,EAB,1/3/22
2800 PACIFIC ST N,1002924420007,Ash,EAB,1/3/22
2800 PACIFIC ST N,1002924420007,Ash,EAB,1/3/22
2800 PACIFIC ST N,1002924420007,Ash,EAB,1/3/22
2800 PACIFIC ST N,1002924420007,Ash,EAB,1/3/22
2800 PACIFIC ST N,1002924420007,Ash,EAB,1/3/22
4747 CAMDEN AVE N,1211821310004,Ash,EAB,1/3/22
4811 CAMDEN AVE N,1211821310131,Ash,EAB,1/3/22
4838 CAMDEN AVE N,1211821420121,Ash,EAB,1/3/22
5200 CAMDEN AVE N,1211821120037,Ash,EAB,1/3/22
901 KENWOOD PKWY,2802924310007,Ash,EAB,1/3/22
919 KENWOOD PKWY,2802924310117,Ash,EAB,1/3/22
1623 GLENWOOD AVE N   ,2102924340182,Ash,EAB,1/4/22
1623 GLENWOOD AVE N   ,2102924340182,Ash,EAB,1/4/22
1700 3RD AVE N ,2102924340014,Ash,EAB,1/4/22
1912 IRVING AVE S,2802924340065,Ash,EAB,1/4/22
2315 WALTON PL,1702924110034,Ash,EAB,1/4/22
2344 SHERIDAN AVE N,1702924110141,Ash,EAB,1/4/22
4035 BLOOMINGTON AVE,1102824140189,Ash,EAB,1/4/22
416 MORGAN AVE N,2102924320235,Ash,EAB,1/4/22
4811 6TH ST N,1211821420088,Ash,EAB,1/4/22
4815 6TH ST N,1211821420018,Ash,EAB,1/4/22
4822 CAMDEN AVE N,1211821420021,Ash,EAB,1/4/22
5012 CAMDEN AVE N,1211821130017,Ash,EAB,1/4/22
5012 CAMDEN AVE N,1211821130017,Ash,EAB,1/4/22
5029 6TH ST N,1211821130006,Ash,EAB,1/4/22
5029 6TH ST N,1211821130006,Ash,EAB,1/4/22
5142 CAMDEN AVE N,1211821120072,Ash,EAB,1/4/22
5151 6TH ST N,1211821120050,Ash,EAB,1/4/22
5248 CAMDEN AVE N,1211821120048,Ash,EAB,1/4/22
1815 26TH AVE N,1602924220022,Ash,EAB,1/5/22
2601 EMERSON AVE N,902924430221,Ash,EAB,1/5/22
2601 EMERSON AVE N,902924430221,Ash,EAB,1/5/22
2601 EMERSON AVE N,902924430221,Ash,EAB,1/5/22
2623 LOGAN AVE N,902924330168,Ash,EAB,1/5/22
3019 LOGAN AVE N,902924320064,Ash,EAB,1/5/22
4827 CAMDEN AVE N,1211821310127,Ash,EAB,1/5/22
1120 25TH AVE N,1602924120192,Ash,EAB,1/6/22
1410 GIRARD AVE N,1602924430058,Ash,EAB,1/6/22
2126 26TH AVE N,902924330227,Ash,EAB,1/6/22
2522 FREMONT AVE N,1602924120165,Ash,EAB,1/6/22
2707 MORGAN AVE N,902924330074,Ash,EAB,1/6/22
2810 OLIVER AVE N,902924330024,Ash,EAB,1/6/22
2811 EMERSON AVE N,902924430091,Ash,EAB,1/6/22
2934 LOGAN AVE N   ,902924310157,Ash,EAB,1/6/22
2943 MORGAN AVE N,902924320169,Ash,EAB,1/6/22
3014 NEWTON AVE N,902924320142,Ash,EAB,1/6/22
4133 BRYANT AVE S,902824140188,Ash,EAB,1/6/22
4887 LAKE HARRIET PKWY E,1602824230011,Ash,EAB,1/6/22
2531 EMERSON AVE S,3302924130205,Ash,EAB,1/7/22
2615 IRVING AVE N,902924340210,Ash,EAB,1/7/22
2623 IRVING AVE N,902924340208,Ash,EAB,1/7/22
2723 KNOX AVE N,902924340161,Ash,EAB,1/7/22
2807 KNOX AVE N,902924340109,Ash,EAB,1/7/22
2823 HUMBOLDT AVE N,902924340119,Ash,EAB,1/7/22
2918 LOGAN AVE N,902924310153,Ash,EAB,1/7/22
2943 GIRARD AVE N,902924420091,Ash,EAB,1/7/22
3010 IRVING AVE N,902924310037,Ash,EAB,1/7/22
3112 HUMBOLDT AVE N,902924420084,Ash,EAB,1/7/22
1314 28TH ST W,3302924420237,Ash,EAB,1/10/22
1705 25TH AVE N,1602924210065,Ash,EAB,1/10/22
1787 HUMBOLDT AVE S,2802924430094,Ash,EAB,1/10/22
1788 GIRARD AVE S,2802924430258,Ash,EAB,1/10/22
1788 GIRARD AVE S,2802924430258,Ash,EAB,1/10/22
1790 GIRARD AVE S,2802924430259,Ash,EAB,1/10/22
1790 GIRARD AVE S,2802924430259,Ash,EAB,1/10/22
2009 JAMES AVE N  ,1602924240148,Ash,EAB,1/10/22
2126 IRVING AVE N   ,1602924240021,Ash,EAB,1/10/22
2217 FREMONT AVE N,1602924130108,Ash,EAB,1/10/22
2306 JAMES AVE N,1602924230019,Ash,EAB,1/10/22
2412 RUSSELL AVE S,3202924140017,Ash,EAB,1/10/22
2515 FREMONT AVE S,3302924130012,Ash,EAB,1/10/22
2526 EMERSON AVE S,3302924130204,Ash,EAB,1/10/22
2548 UPTON AVE S,3202924130053,Ash,EAB,1/10/22
2628 EMERSON AVE S,3302924420040,Ash,EAB,1/10/22
2634 GIRARD AVE N,902924430139,Ash,EAB,1/10/22
2646 HUMBOLDT AVE N,902924430183,Ash,EAB,1/10/22
2647 FREMONT AVE N,902924430133,Ash,EAB,1/10/22
2819 GIRARD AVE N,902924430201,Ash,EAB,1/10/22
4052 LYNDALE AVE S,902824140101,Ash,EAB,1/10/22
4224 DUPONT AVE SO,902824420005,Ash,EAB,1/10/22
1419 PENN AVE N,1702924440222,Ash,EAB,1/11/22
1618 HILLSIDE AVE,1602924240066,Ash,EAB,1/11/22
2358 JAMES AVE N,1602924210112,Ash,EAB,1/11/22
2500 42ND ST E,1202824130186,Ash,EAB,1/11/22
1104 LAGOON AVE   ,3302924430054,Ash,EAB,1/12/22
1800 KENWOOD PKWY,2902924410044,Ash,EAB,1/13/22
2548 UPTON AVE S,3202924130053,Ash,EAB,1/13/22
2820 26TH ST W,3202924130001,Ash,EAB,1/13/22
107 17TH AVE N,1502924310126,Ash,EAB,1/14/22
112 CEDAR LAKE RD S,2802924220164,Ash,EAB,1/14/22
2400 4TH ST N,1502924220227,Ash,EAB,1/14/22
3002 WASHINGTON AVE N,1002924310101,Ash,EAB,1/14/22
625 RUSSELL AVE N,2002924140156,Ash,EAB,1/14/22
2126 ALDRICH AVE N,1602924140066,Ash,EAB,1/18/22
2508 39TH ST W,802824110019,Ash,EAB,1/18/22
2653 LYNDALE AVE N,902924440259,Ash,EAB,1/18/22
2917 6TH ST N,1002924320114,Ash,EAB,1/18/22
4614 ALDRICH AVE N,1211821340018,Ash,EAB,1/18/22
4920 ALDRICH AVE N,1211821240070,Ash,EAB,1/18/22
4920 ALDRICH AVE N,1211821240070,Ash,EAB,1/18/22
5214 ALDRICH AVE N,1211821210056,Ash,EAB,1/18/22
617 26TH AVE N,1502924220153,Ash,EAB,1/18/22
201 UPTON AVE S,2902924120060,Ash,EAB,1/19/22
252 UPTON AVE S   ,2902924120012,Ash,EAB,1/19/22
2717 ALDRICH AVE N,902924440087,Ash,EAB,1/19/22
2726 EMERSON AVE N,902924430238,Ash,EAB,1/19/22
2918 ALDRICH AVE N   ,902924410018,Ash,EAB,1/19/22
2919 LYNDALE AVE N,902924410010,Ash,EAB,1/19/22
424 UPTON AVE S,2902924130014,Ash,EAB,1/19/22
1004 31ST AVE N,902924410207,Ash,EAB,1/20/22
1920 LAUREL AVE W,2802924220115,Ash,EAB,1/20/22
2123 HAWTHORNE AVE W,2802924220064,Ash,EAB,1/20/22
221 NEWTON AVE S,2802924220118,Ash,EAB,1/20/22
225 NEWTON AVE S,2802924220117,Ash,EAB,1/20/22
225 NEWTON AVE S,2802924220117,Ash,EAB,1/20/22
229 QUEEN AVE S,2902924110068,Ash,EAB,1/20/22
233 QUEEN AVE S,2902924110067,Ash,EAB,1/20/22
2727 DUPONT AVE N,902924430015,Ash,EAB,1/20/22
3012 DUPONT AVE S,402824120004,Ash,EAB,1/20/22
3023 DUPONT AVE N,902924420008,Ash,EAB,1/20/22
3225 EMERSON AVE S,402824130014,Ash,EAB,1/20/22
4514 BRYANT AVE N,1211821340170,Ash,EAB,1/20/22
4526 15TH AVE S,1102824430042,Ash,EAB,1/20/22
4550 BRYANT AVE N,1211821340137,Ash,EAB,1/20/22
4553 ALDRICH AVE N,1211821340121,Ash,EAB,1/20/22
4605 13TH AVE S,1402824120086,Ash,EAB,1/20/22
4626 BRYANT AVE N,1211821340050,Ash,EAB,1/20/22
4715 ALDRICH AVE N,1211821310042,Ash,EAB,1/20/22
717 31ST AVE N,902924410140,Ash,EAB,1/20/22
807 27TH AVE N,902924440247,Ash,EAB,1/20/22
807 27TH AVE N,902924440247,Ash,EAB,1/20/22
807 27TH AVE N,902924440247,Ash,EAB,1/20/22
807 27TH AVE N,902924440247,Ash,EAB,1/20/22
807 27TH AVE N,902924440247,Ash,EAB,1/20/22
807 27TH AVE N,902924440247,Ash,EAB,1/20/22
807 27TH AVE N,902924440247,Ash,EAB,1/20/22
807 27TH AVE N   ,902924440248,Ash,EAB,1/20/22
807 27TH AVE N   ,902924440248,Ash,EAB,1/20/22
2406 DUPONT AVE N,1602924110228,Ash,EAB,1/21/22
2510 DUPONT AVE N   ,1602924110110,Ash,EAB,1/21/22
2514 EMERSON AVE N   ,1602924120033,Ash,EAB,1/21/22
2931 ALDRICH AVE N,902924410036,Ash,EAB,1/21/22
3112 COLFAX AVE S,402824110129,Ash,EAB,1/21/22
3428 HENNEPIN AVE,402824310018,Ash,EAB,1/21/22
4621 BRYANT AVE N,1211821340066,Ash,EAB,1/21/22
4642 BRYANT AVE N,1211821340053,Ash,EAB,1/21/22
5149 ALDRICH AVE N,1211821210002,Ash,EAB,1/21/22
1105 KNOX AVE N  ,2102924210131,Ash,EAB,1/24/22
1206 JAMES AVE N,2102924210042,Ash,EAB,1/24/22
4220 13TH AVE S,1102824420071,Ash,EAB,1/24/22
4305 CHICAGO AVE,1102824310182,Ash,EAB,1/24/22
4746 COLFAX AVE N,1211821310085,Ash,EAB,1/24/22
5025 BRYANT AVE N,1211821240101,Ash,EAB,1/24/22
5025 BRYANT AVE N,1211821240101,Ash,EAB,1/24/22
701 PLYMOUTH AVE N,2102924110067,Ash,EAB,1/24/22
701 PLYMOUTH AVE N,2102924110067,Ash,EAB,1/24/22
900/2 OLIVER AVE N,2102924230136,Ash,EAB,1/24/22
915 NEWTON AVE N,2102924230118,Ash,EAB,1/24/22
4601 CLINTON AVE,1502824110085,Ash,EAB,1/25/22
1408 IRVING AVE N,1602924340142,Ash,EAB,1/26/22
1410 IRVING AVE N,1602924340141,Ash,EAB,1/26/22
1412 14TH AVE N,1602924340147,Ash,EAB,1/26/22
1414 14TH AVE N,1602924340146,Ash,EAB,1/26/22
1416 14TH AVE N,1602924340145,Ash,EAB,1/26/22
1418 14TH AVE N,1602924340144,Ash,EAB,1/26/22
1420 14TH AVE N,1602924340143,Ash,EAB,1/26/22
1719 GIRARD AVE N,1602924420025,Ash,EAB,1/26/22
3434 JOHNSON ST N E,102924240007,Ash,EAB,1/26/22
1215 51ST ST W,1602824420082,Ash,EAB,1/27/22
4515 COLFAX AVE N,1211821340210,Ash,EAB,1/27/22
4635 COLFAX AVE N,1211821340089,Ash,EAB,1/27/22
4646 DUPONT AVE N,1211821340109,Ash,EAB,1/27/22
4650 DUPONT AVE N,1211821340110,Ash,EAB,1/27/22
4718 COLFAX AVE N,1211821310078,Ash,EAB,1/27/22
4858 DUPONT AVE N,1211821310236,Ash,EAB,1/27/22
4858 DUPONT AVE N,1211821310236,Ash,EAB,1/27/22
5106 EMERSON AVE S,1602824420085,Ash,EAB,1/27/22
5120 DUPONT AVE N,1211821210175,Ash,EAB,1/27/22
5128 DUPONT AVE N,1211821210177,Ash,EAB,1/27/22
5208 DUPONT AVE N,1211821210136,Ash,EAB,1/27/22
5245 COLFAX AVE N,1211821210121,Ash,EAB,1/27/22
5336 DUPONT AVE S,1602824430167,Ash,EAB,1/27/22
3009 BRYANT AVE S,402824110043,Ash,EAB,1/28/22
3144 BRYANT AVE S #1,402824110191,Ash,EAB,1/28/22
3144 BRYANT AVE S #2,402824110192,Ash,EAB,1/28/22
3144 BRYANT AVE S #3,402824110193,Ash,EAB,1/28/22
3144 BRYANT AVE S #4,402824110194,Ash,EAB,1/28/22
3148 BRYANT AVE S,402824110156,Ash,EAB,1/28/22
3240 LYNDALE AVE S,402824140107,Ash,EAB,1/28/22
4542 DUPONT AVE N,1211821340001,Ash,EAB,1/28/22
4604 35TH AVE S,1802823210101,Ash,EAB,1/28/22
4647 DUPONT AVE N,1211821330020,Ash,EAB,1/28/22
4700 EMERSON AVE N,1211821320183,Ash,EAB,1/28/22
4823 DUPONT AVE N,1211821320010,Ash,EAB,1/28/22
5013 DUPONT AVE N,1211821230011,Ash,EAB,1/28/22
5033 DUPONT AVE N,1211821230006,Ash,EAB,1/28/22
5033 DUPONT AVE N,1211821230006,Ash,EAB,1/28/22
5337 COLFAX AVE S,1602824440123,Ash,EAB,1/28/22
821 LAKE ST W,402824110045,Ash,EAB,1/28/22
1200 LAKEVIEW AVE S,2902924310038,Ash,EAB,1/31/22
1208 CEDAR LAKE RD S,2902924310004,Ash,EAB,1/31/22
1212 CEDAR LAKE RD S,2902924310005,Ash,EAB,1/31/22
2728 HUMBOLDT AVE S,3302924310168,Ash,EAB,1/31/22
2736 HUMBOLDT AVE S,3302924310087,Ash,EAB,1/31/22
4631 EMERSON AVE N,1211821330054,Ash,EAB,1/31/22
4647 EMERSON AVE N,1211821330050,Ash,EAB,1/31/22
4651 EMERSON AVE N,1211821330048,Ash,EAB,1/31/22
4651 EMERSON AVE N,1211821330048,Ash,EAB,1/31/22
4655 EMERSON AVE N,1211821330047,Ash,EAB,1/31/22
4746 EMERSON AVE N,1211821320194,Ash,EAB,1/31/22
1011 MADEIRA AVE,2902924410039,Ash,EAB,2/1/22
1311 18TH AVE N,1602924420032,Ash,EAB,2/1/22
1506 FREMONT AVE N,1602924430087,Ash,EAB,2/1/22
1518 FREMONT AVE N,1602924430090,Ash,EAB,2/1/22
1526 DUPONT AVE N,1602924440042,Ash,EAB,2/1/22
1701 EMERSON AVE N,1602924420086,Ash,EAB,2/1/22
4642 FREMONT AVE N,1211821330065,Ash,EAB,2/1/22
4722 FREMONT AVE N,1211821320161,Ash,EAB,2/1/22
4801 EMERSON AVE N,1211821320040,Ash,EAB,2/1/22
4923 EMERSON AVE N,1211821230176,Ash,EAB,2/1/22
1301 WASHINGTON AVE N,1502924340125,Ash,EAB,2/2/22
1301 WASHINGTON AVE N,1502924340125,Ash,EAB,2/2/22
1612 LYN PARK AVE N,1502924320101,Ash,EAB,2/2/22
1707 LINCOLN ST N E,1302924210011,Ash,EAB,2/2/22
300 BROADWAY ST N E ,1402924320001,Ash,EAB,2/2/22
3338 BENJAMIN ST N E,102924140032,Ash,EAB,2/2/22
3415 PILLSBURY AVE S,302824310064,Ash,EAB,2/2/22
3532 PILLSBURY AVE,302824310110,Ash,EAB,2/2/22
4747 GIRARD AVE N,1211821320101,Ash,EAB,2/2/22
4936 FREMONT AVE N,1211821230191,Ash,EAB,2/2/22
716 UNIVERSITY AVE N E,1402924310174,Ash,EAB,2/2/22
736 VAN BUREN ST N E,1402924410072,Ash,EAB,2/2/22
911 UNIVERSITY AVE N E,1402924320138,Ash,EAB,2/2/22
2011 2ND AVE NO,2102924330084,Ash,EAB,2/3/22
206 32ND ST W,302824210111,Ash,EAB,2/3/22
306 PENN AVE N,2102924330116,Ash,EAB,2/3/22
314 6TH AVE N E,1402924340036,Ash,EAB,2/3/22
3140 PILLSBURY AVE,302824210113,Ash,EAB,2/3/22
321 5TH AVE N E,1402924340034,Ash,EAB,2/3/22
3336 STEVENS AVE,302824130103,Ash,EAB,2/3/22
3401 HARRIET AVE,302824320032,Ash,EAB,2/3/22
5012 JAMES AVE N   ,1111821140085,Ash,EAB,2/3/22
5012 JAMES AVE N   ,1111821140085,Ash,EAB,2/3/22
5012 JAMES AVE N   ,1111821140085,Ash,EAB,2/3/22
5012 JAMES AVE N   ,1111821140085,Ash,EAB,2/3/22
5012 JAMES AVE N   ,1111821140085,Ash,EAB,2/3/22
5012 JAMES AVE N   ,1111821140085,Ash,EAB,2/3/22
5012 JAMES AVE N   ,1111821140085,Ash,EAB,2/3/22
5012 JAMES AVE N   ,1111821140085,Ash,EAB,2/3/22
5012 JAMES AVE N   ,1111821140085,Ash,EAB,2/3/22
5012 JAMES AVE N   ,1111821140085,Ash,EAB,2/3/22
5012 JAMES AVE N   ,1111821140085,Ash,EAB,2/3/22
5012 JAMES AVE N   ,1111821140085,Ash,EAB,2/3/22
5214 IRVING AVE N,1111821110064,Ash,EAB,2/3/22
5231 LOGAN AVE N,1111821120013,Ash,EAB,2/3/22
5231 LOGAN AVE N,1111821120013,Ash,EAB,2/3/22
607 4TH ST N E,1402924310152,Ash,EAB,2/3/22
617 HARRY DAVIS LA,1502924330199,Ash,EAB,2/3/22
1810 2ND AVE N,2102924330126,Ash,EAB,2/4/22
1925 3RD AVE N,2102924330065,Ash,EAB,2/4/22
1929 3RD AVE N,2102924330066,Ash,EAB,2/4/22
2023 3RD AVE N,2102924330153,Ash,EAB,2/4/22
305 MADISON ST N E,1402924430133,Ash,EAB,2/4/22
3634 BENJAMIN ST N E,102924110126,Ash,EAB,2/4/22
5226 PENN AVE N,1111821120086,Ash,EAB,2/4/22
5226 PENN AVE N,1111821120086,Ash,EAB,2/4/22
5240 PENN AVE N,1111821120083,Ash,EAB,2/4/22
5258 PENN AVE N,1111821120076,Ash,EAB,2/4/22
687 SUMMER ST N E,1402924420029,Ash,EAB,2/4/22
1712 DUPONT AVE S,2802924420018,Ash,EAB,2/7/22
1716 DUPONT AVE S,2802924420019,Ash,EAB,2/7/22
1801 GLENWOOD AVE,2102924330160,Ash,EAB,2/7/22
1931 3RD AVE N,2102924330067,Ash,EAB,2/7/22
2922 MCKINLEY ST N E,102924440158,Ash,EAB,2/7/22
2933 BENJAMIN ST N E,102924440170,Ash,EAB,2/7/22
500 QUEEN AVE N,2002924410013,Ash,EAB,2/7/22
5305 ALDRICH AVE S,1602824440060,Ash,EAB,2/7/22
1715 THOMAS AVE N,1702924420011,Ash,EAB,2/8/22
254 IRVING AVE N,2102924340043,Ash,EAB,2/8/22
256 IRVING AVE N,2102924340042,Ash,EAB,2/8/22
4917 LOGAN AVE N,1111821130125,Ash,EAB,2/8/22
5115 FRANCE AVE S,1702824320077,Ash,EAB,2/8/22
5129 FRANCE AVE S,1702824320074,Ash,EAB,2/8/22
5201 FRANCE AVE S,1702824330116,Ash,EAB,2/8/22
526 RUSSELL AVE N,2002924410043,Ash,EAB,2/8/22
526 RUSSELL AVE N,2002924410043,Ash,EAB,2/8/22
1201 VAN WHITE MEM BLVD ,2102924420118,Ash,EAB,2/9/22
1337 WASHBURN AVE N,1702924430057,Ash,EAB,2/9/22
1807 WEST BROADWAY,1602924230189,Ash,EAB,2/9/22
215 MORGAN AVE N,2102924330105,Ash,EAB,2/9/22
2811 LYNDALE AVE N,902924440005,Ash,EAB,2/9/22
4729 FRANCE AVE S,1702824220025,Ash,EAB,2/9/22
4942 THOMAS AVE N,1111821240032,Ash,EAB,2/9/22
4942 THOMAS AVE N,1111821240032,Ash,EAB,2/9/22
5010 THOMAS AVE N,1111821240021,Ash,EAB,2/9/22
5021 RUSSELL AVE N,1111821240002,Ash,EAB,2/9/22
5026 THOMAS AVE N,1111821240018,Ash,EAB,2/9/22
5106 SHERIDAN AVE N,1111821210072,Ash,EAB,2/9/22
5106 SHERIDAN AVE N,1111821210072,Ash,EAB,2/9/22
5211 SHERIDAN AVE N,1111821210023,Ash,EAB,2/9/22
1817 STINSON PKWY NE,702923330035,Ash,EAB,2/10/22
1817 STINSON PKWY NE,702923330035,Ash,EAB,2/10/22
2959 ARTHUR ST N E,102924440123,Ash,EAB,2/10/22
3022 EMERSON AVE N  ,902924420020,Ash,EAB,2/10/22
3149 EXCELSIOR BLVD,502824210018,Ash,EAB,2/10/22
3229 2ND AVE S,302824130020,Ash,EAB,2/10/22
3634 MCKINLEY ST N E,102924110108,Ash,EAB,2/10/22
511 MORGAN AVE N,2102924320074,Ash,EAB,2/10/22
514 SHERIDAN AVE N   ,2002924410089,Ash,EAB,2/10/22
1316 OLIVER AVE N,1602924330075,Ash,EAB,2/11/22
1345 THOMAS AVE N,1702924430186,Ash,EAB,2/11/22
1501 RUSSELL AVE N,1702924440045,Ash,EAB,2/11/22
3022 VINCENT AVE N,802924420125,Ash,EAB,2/11/22
4906 UPTON AVE N,1111821230010,Ash,EAB,2/11/22
4910 UPTON AVE N,1111821230011,Ash,EAB,2/11/22
4930 VINCENT AVE N,1111821230033,Ash,EAB,2/11/22
4930 VINCENT AVE N,1111821230033,Ash,EAB,2/11/22
4930 VINCENT AVE N,1111821230033,Ash,EAB,2/11/22
4900 XERXES AVE N,1111821230042,Ash,EAB,2/14/22
4918 WASHBURN AVE N,1111821230155,Ash,EAB,2/14/22
4926 WASHBURN AVE N,1111821230157,Ash,EAB,2/14/22
5116 XERXES AVE N,1111821220127,Ash,EAB,2/14/22
5116 XERXES AVE N,1111821220127,Ash,EAB,2/14/22
5127 WASHBURN AVE N,1111821220118,Ash,EAB,2/14/22
5128 XERXES AVE N,1111821220130,Ash,EAB,2/14/22
5145 WASHBURN AVE N,1111821220114,Ash,EAB,2/14/22
5233 WASHBURN AVE N,1111821220090,Ash,EAB,2/14/22
2320 SHERIDAN AVE N,1702924110230,Ash,EAB,2/15/22
3807 COLFAX AVE N,402924410216,Ash,EAB,2/15/22
3814 DUPONT AVE N,402924410221,Ash,EAB,2/15/22
3814 DUPONT AVE N,402924410221,Ash,EAB,2/15/22
3830 COLFAX AVE N,402924410195,Ash,EAB,2/15/22
3834 COLFAX AVE N,402924410196,Ash,EAB,2/15/22
4138 COLFAX AVE N,402924140204,Ash,EAB,2/15/22
3404 32ND AVE S,602823320143,Ash,EAB,2/16/22
3541 18TH AVE S,202824410213,Ash,EAB,2/16/22
3918 FREMONT AVE N   ,402924420100,Ash,EAB,2/16/22
3923 EMERSON AVE N,402924420090,Ash,EAB,2/16/22
3947 DUPONT AVE N,402924420054,Ash,EAB,2/16/22
3953 14TH AVE S,1102824120106,Ash,EAB,2/16/22
4223 EMERSON AVE N,402924120168,Ash,EAB,2/16/22
4238 FREMONT AVE N,402924120040,Ash,EAB,2/16/22
4334 FREMONT AVE N,402924120002,Ash,EAB,2/16/22
1000 ALDRICH AVE N,2102924110090,Ash,EAB,2/17/22
1000 ALDRICH AVE N,2102924110090,Ash,EAB,2/17/22
1306 PLYMOUTH AVE N,1602924430168,Ash,EAB,2/17/22
1306 PLYMOUTH AVE N,1602924430168,Ash,EAB,2/17/22
1306 PLYMOUTH AVE N,1602924430168,Ash,EAB,2/17/22
2322 IRVING AVE N ,1602924210139,Ash,EAB,2/17/22
2958 RUSSELL AVE N,802924410175,Ash,EAB,2/17/22
3834 GIRARD AVE N,402924420007,Ash,EAB,2/17/22
3901 FREMONT AVE. N,402924420124,Ash,EAB,2/17/22
3934 GIRARD AVE N,402924420132,Ash,EAB,2/17/22
3934 GIRARD AVE N,402924420132,Ash,EAB,2/17/22
3946 FREMONT AVE N,402924420107,Ash,EAB,2/17/22
1321 44TH AVE N,402924120057,Ash,EAB,2/18/22
4236 GIRARD AVE N,402924120136,Ash,EAB,2/18/22
4235 GIRARD AVE N,402924120120,Ash,EAB,2/22/22
4721 EWING AVE S,1702824220108,Ash,EAB,2/22/22
4925 EWING AVE S,1702824230114,Ash,EAB,2/22/22
4206 HUMBOLDT AVE N,402924120205,Ash,EAB,2/23/22
4210 HUMBOLDT AVE N,402924120206,Ash,EAB,2/23/22
4215 HUMBOLDT AVE N,402924210016,Ash,EAB,2/23/22
4216 IRVING AVE N,402924210024,Ash,EAB,2/23/22
4216 IRVING AVE N,402924210024,Ash,EAB,2/23/22
4216 IRVING AVE N,402924210024,Ash,EAB,2/23/22
4217 HUMBOLDT AVE N,402924210015,Ash,EAB,2/23/22
4221 HUMBOLDT AVE N,402924210014,Ash,EAB,2/23/22
4301 GIRARD AVE N,402924120101,Ash,EAB,2/23/22
4311 HUMBOLDT AVE N,402924210103,Ash,EAB,2/23/22
28 6TH ST N,2202924430029,Ash,EAB,2/24/22
28 6TH ST N,2202924430029,Ash,EAB,2/24/22
28 6TH ST N,2202924430029,Ash,EAB,2/24/22
28 6TH ST N,2202924430029,Ash,EAB,2/24/22
28 6TH ST N,2202924430029,Ash,EAB,2/24/22
4107 IRVING AVE N,402924240052,Ash,EAB,2/24/22
4114 IRVING AVE N,402924240034,Ash,EAB,2/24/22
4202 JAMES AVE N,402924210053,Ash,EAB,2/24/22
4246 IRVING AVE N,402924210032,Ash,EAB,2/24/22
4315 HUMBOLDT AVE N,402924210104,Ash,EAB,2/24/22
4319 HUMBOLDT AVE N,402924210105,Ash,EAB,2/24/22
4412 IRVING AVE N,1411821110068,Ash,EAB,2/24/22
4421 HUMBOLDT AVE N,1411821110059,Ash,EAB,2/24/22
2321 FREMONT AVE N   ,1602924120105,Ash,EAB,2/25/22
4235 IRVING AVE NO,402924210040,Ash,EAB,2/25/22
4240 JAMES AVE N,402924210061,Ash,EAB,2/25/22
4323 JAMES AVE N,402924210159,Ash,EAB,2/25/22
4401 IRVING AVE N,1411821110006,Ash,EAB,2/25/22
4401 IRVING AVE N,1411821110006,Ash,EAB,2/25/22
4407 IRVING AVE N,1411821110005,Ash,EAB,2/25/22
1827 44TH AVE N,402924210185,Ash,EAB,2/28/22
1827 44TH AVE N,402924210185,Ash,EAB,2/28/22
4307 KNOX AVE N ,402924210198,Ash,EAB,2/28/22
4311 JAMES AVE N,402924210162,Ash,EAB,2/28/22
4314 LOGAN AVE N,402924210203,Ash,EAB,2/28/22
4346 KNOX AVE N,402924210167,Ash,EAB,2/28/22
4350 KNOX AVE N,402924210166,Ash,EAB,2/28/22
4350 KNOX AVE N,402924210166,Ash,EAB,2/28/22
 4601 QUEEN AVE N   ,1111821340054,Ash,EAB,3/1/22
1650 XERXES AVE N,1702924420159,Ash,EAB,3/1/22
4538 LOGAN AVE N,1111821440024,Ash,EAB,3/1/22
4544 PENN AVE N,1111821430007,Ash,EAB,3/1/22
4544 PENN AVE N,1111821430007,Ash,EAB,3/1/22
4556 OLIVER AVE N,1111821430077,Ash,EAB,3/1/22
4604 MORGAN AVE N,1111821430011,Ash,EAB,3/1/22
4642 QUEEN AVE N,1111821340038,Ash,EAB,3/1/22
4642 SHERIDAN AVE N,1111821340093,Ash,EAB,3/1/22
1300 LOWRY AVE NE   ,1202924310073,Ash,EAB,3/2/22
1300 LOWRY AVE NE   ,1202924310073,Ash,EAB,3/2/22
1300 LOWRY AVE NE   ,1202924310073,Ash,EAB,3/2/22
1300 LOWRY AVE NE   ,1202924310073,Ash,EAB,3/2/22
2215 FILLMORE ST N E,1202924310106,Ash,EAB,3/2/22
3408 LINCOLN ST N E,102924240040,Ash,EAB,3/2/22
3538 LINCOLN ST N E,102924210009,Ash,EAB,3/2/22
4531 THOMAS AVE N,1111821330005,Ash,EAB,3/2/22
4531 THOMAS AVE N,1111821330005,Ash,EAB,3/2/22
4538 VINCENT AVE N,1111821330054,Ash,EAB,3/2/22
4635 THOMAS AVE N,1111821330145,Ash,EAB,3/2/22
2934 ALDRICH AVE N,902924410022,Ash,EAB,3/3/22
4200 OLIVER AVE N,402924220040,Ash,EAB,3/3/22
4212 OLIVER AVE N,402924220042,Ash,EAB,3/3/22
4221 NEWTON AVE N,402924220035,Ash,EAB,3/3/22
4255 28TH AVE S,1202824410220,Ash,EAB,3/3/22
4306 PENN AVE N,402924220193,Ash,EAB,3/3/22
4310 PENN AVE N,402924220164,Ash,EAB,3/3/22
4539 VINCENT AVE N,1111821330076,Ash,EAB,3/3/22
4562 WASHBURN AVE N,1111821330101,Ash,EAB,3/3/22
1144 FILLMORE ST N E,1302924230031,Ash,EAB,3/8/22
1144 FILLMORE ST N E,1302924230031,Ash,EAB,3/8/22
1301 LINCOLN ST NE,1302924240133,Ash,EAB,3/8/22
1344 BUCHANAN ST NE,1302924240007,Ash,EAB,3/8/22
1705 PIERCE ST N E,1302924210035,Ash,EAB,3/8/22
3855 RUSSELL AVE N,502924410148,Ash,EAB,3/8/22
3927 QUEEN AVE N,502924410051,Ash,EAB,3/8/22
3942 RUSSELL AVE N,502924410068,Ash,EAB,3/8/22
3942 SHERIDAN AVE N,502924410096,Ash,EAB,3/8/22
3950 RUSSELL AVE N,502924410070,Ash,EAB,3/8/22
4047 RUSSELL AVE N,502924140148,Ash,EAB,3/8/22
2606 GIRARD AVE N,902924430153,Ash,EAB,3/9/22
3801 SHERIDAN AVE N,502924410225,Ash,EAB,3/9/22
3806 THOMAS AVE N,502924410227,Ash,EAB,3/9/22
3834 THOMAS AVE N,502924410141,Ash,EAB,3/9/22
3847 SHERIDAN AVE N,502924410133,Ash,EAB,3/9/22
3851 THOMAS AVE N,502924420057,Ash,EAB,3/9/22
3942 UPTON AVE N,502924420135,Ash,EAB,3/9/22
4211 SHERIDAN AVE N,502924110088,Ash,EAB,3/9/22
4267 SHERIDAN AVE N,502924110074,Ash,EAB,3/9/22
4334 THOMAS AVE N,502924110065,Ash,EAB,3/9/22
4429 RUSSELL AVE N,1411821210022,Ash,EAB,3/9/22
701 FREMONT AVE N,2102924130005,Ash,EAB,3/9/22
740 EMERSON AVE N,2102924130025,Ash,EAB,3/9/22
740 EMERSON AVE N,2102924130025,Ash,EAB,3/9/22
1200 WASHINGTON AVE N,2202924210082,Ash,EAB,3/10/22
1200 WASHINGTON AVE N,2202924210082,Ash,EAB,3/10/22
1200 WASHINGTON AVE N,2202924210082,Ash,EAB,3/10/22
1200 WASHINGTON AVE N,2202924210082,Ash,EAB,3/10/22
1843 TAYLOR ST N E,1202924330078,Ash,EAB,3/10/22
1849 TAYLOR ST N E,1202924330079,Ash,EAB,3/10/22
2015 TAYLOR ST N E,1202924330152,Ash,EAB,3/10/22
227 HUMBOLDT AVE N,2102924340078,Ash,EAB,3/10/22
229 HUMBOLDT AVE N,2102924340077,Ash,EAB,3/10/22
2357 FERRANT PL,1702924110022,Ash,EAB,3/10/22
3942 VINCENT AVE N,502924420164,Ash,EAB,3/10/22
4030 XERXES AVE N,502924130075,Ash,EAB,3/10/22
4142 UPTON AVE N,502924130139,Ash,EAB,3/10/22
4359 THOMAS AVE N,502924120010,Ash,EAB,3/10/22
2323 LINCOLN ST N E,1202924310018,Ash,EAB,3/11/22
2419 LINCOLN ST NE,1202924310023,Ash,EAB,3/11/22
2626 PIERCE ST N E,1202924240001,Ash,EAB,3/11/22
2640 BUCHANAN ST N E,1202924240064,Ash,EAB,3/11/22
3226 BRYANT AVE N,902924140128,Ash,EAB,3/11/22
3414 BRYANT AVE N,902924110100,Ash,EAB,3/11/22
3611 DUPONT AVE N,402924430208,Ash,EAB,3/11/22
3626 6TH ST N,302924330091,Ash,EAB,3/11/22
3738 LYNDALE AVE N ,302924330040,Ash,EAB,3/11/22
1421 DOWLING AVE N,402924430110,Ash,EAB,3/14/22
3330 IRVING AVE N,902924240103,Ash,EAB,3/14/22
2306 IRVING AVE N,1602924210185,Ash,EAB,3/17/22
3346 OLIVER AVE N ,902924230081,Ash,EAB,3/17/22
3351 MORGAN AVE N,902924230192,Ash,EAB,3/17/22
3434 MORGAN AVE N,902924220024,Ash,EAB,3/17/22
3438 MORGAN AVE N,902924220025,Ash,EAB,3/17/22
3618 OLIVER AVE N   ,402924330010,Ash,EAB,3/17/22
3618 OLIVER AVE N   ,402924330010,Ash,EAB,3/17/22
3618 OLIVER AVE N   ,402924330010,Ash,EAB,3/17/22
3622 OLIVER AVE N,402924330009,Ash,EAB,3/17/22
3637 MORGAN AVE N,402924330180,Ash,EAB,3/17/22
3646 NEWTON AVE N,402924330199,Ash,EAB,3/17/22
3327 PENN AVE N,802924140200,Ash,EAB,3/18/22
3327 PENN AVE N,802924140200,Ash,EAB,3/18/22
3327 PENN AVE N,802924140200,Ash,EAB,3/18/22
3327 PENN AVE N,802924140200,Ash,EAB,3/18/22
3327 PENN AVE N,802924140200,Ash,EAB,3/18/22
3327 PENN AVE N,802924140200,Ash,EAB,3/18/22
3327 PENN AVE N,802924140200,Ash,EAB,3/18/22
3327 PENN AVE N,802924140200,Ash,EAB,3/18/22
3327 PENN AVE N,802924140200,Ash,EAB,3/18/22
3327 PENN AVE N,802924140200,Ash,EAB,3/18/22
3327 PENN AVE N,802924140200,Ash,EAB,3/18/22
3327 PENN AVE N,802924140200,Ash,EAB,3/18/22
3327 PENN AVE N,802924140200,Ash,EAB,3/18/22
3327 PENN AVE N,802924140200,Ash,EAB,3/18/22
3327 PENN AVE N,802924140200,Ash,EAB,3/18/22
3327 PENN AVE N,802924140200,Ash,EAB,3/18/22
3327 PENN AVE N,802924140200,Ash,EAB,3/18/22
3335 OLIVER AVE N,902924230090,Ash,EAB,3/18/22
3456 PENN AVE N,902924220118,Ash,EAB,3/18/22
3523 OLIVER AVE N,902924220216,Ash,EAB,3/18/22
3523 OLIVER AVE N,902924220216,Ash,EAB,3/18/22
3527 OLIVER AVE N,902924220215,Ash,EAB,3/18/22
3527 OLIVER AVE N,902924220215,Ash,EAB,3/18/22
3726 PENN AVE N,402924330125,Ash,EAB,3/18/22
3730 PENN AVE N,402924330126,Ash,EAB,3/18/22
3743 PENN AVE N,502924440111,Ash,EAB,3/18/22
4044 CEDAR AVE S,1102824140142,Ash,EAB,3/18/22
3245 PENN AVE N,802924140151,Ash,EAB,3/21/22
3251 PENN AVE N,802924140150,Ash,EAB,3/21/22
3327 PENN AVE N,802924140200,Ash,EAB,3/21/22
3518 QUEEN AV NO,802924110081,Ash,EAB,3/21/22
3546 RUSSELL AVE N,802924110102,Ash,EAB,3/21/22
3639 RUSSELL AVE N,502924440032,Ash,EAB,3/21/22
3647 QUEEN AVE N,502924440016,Ash,EAB,3/21/22
3723 RUSSELL AVE N,502924440176,Ash,EAB,3/21/22
3726 SHERIDAN AVE N,502924440187,Ash,EAB,3/21/22
3726 SHERIDAN AVE N,502924440187,Ash,EAB,3/21/22
3727 RUSSELL AVE N,502924440175,Ash,EAB,3/21/22
3734 RUSSELL AVE N,502924440160,Ash,EAB,3/21/22
3743 PENN AVE N,502924440111,Ash,EAB,3/21/22
5236 CHICAGO AVE,1402824330010,Ash,EAB,3/21/22
3638 TYLER ST N E,102924220019,Ash,EAB,3/22/22
3665 TYLER ST NE,102924220013,Ash,EAB,3/22/22
3665 TYLER ST NE,102924220013,Ash,EAB,3/22/22
3665 TYLER ST NE,102924220013,Ash,EAB,3/22/22
3750 SHERIDAN AVE N,502924440193,Ash,EAB,3/22/22
3754 SHERIDAN AVE N,502924440194,Ash,EAB,3/22/22
4748 BEARD AVE S,1702824220008,Ash,EAB,3/22/22
2521 HEANER TER,2002924410097,Ash,EAB,3/23/22
1031 UPTON AVE N,2002924120093,Ash,EAB,3/24/22
3215 VINCENT AVE N,802924130203,Ash,EAB,3/24/22
3234 VINCENT AVE N,802924130151,Ash,EAB,3/24/22
3400 THOMAS AVE N,802924110170,Ash,EAB,3/24/22
3422 UPTON AVE N,802924120087,Ash,EAB,3/24/22
3639 VINCENT AVE N ,502924430112,Ash,EAB,3/24/22
3723 UPTON AVE N,502924430200,Ash,EAB,3/24/22
3727 UPTON AVE N,502924430199,Ash,EAB,3/24/22
3743 UPTON AVE N,502924430195,Ash,EAB,3/24/22
5001 ABBOTT AVE S,1702824310048,Ash,EAB,3/24/22
5108 ABBOTT AVE S,1702824310094,Ash,EAB,3/24/22
3440 XERXES AVE N,802924120224,Ash,EAB,3/25/22
3643 VINCENT AVE N,502924430111,Ash,EAB,3/25/22
415 31ST AVE N,1002924320021,Ash,EAB,3/29/22
2412 RUSSELL AVE S,3202924140017,Ash,EAB,3/30/22
3001 PIERCE ST N E,102924340061,Ash,EAB,3/30/22
5153 ZENITH AVE S,1702824310160,Ash,EAB,3/30/22
2935 PIERCE ST N E,102924340179,Ash,EAB,3/31/22
3633 BUCHANAN ST N E,102924210121,Ash,EAB,3/31/22
3633 BUCHANAN ST N E,102924210121,Ash,EAB,3/31/22
3633 BUCHANAN ST N E,102924210121,Ash,EAB,3/31/22
3633 BUCHANAN ST N E,102924210121,Ash,EAB,3/31/22
3857 25TH AVE S,1202824120075,Ash,EAB,3/31/22
4011 25TH AVE S,1202824130105,Ash,EAB,3/31/22
4029 28TH AVE S,1202824140163,Ash,EAB,4/1/22
1800 SKYLINE CUR,1502924320130,Ash,EAB,4/4/22
2214 CLEVELAND ST N E,1202924410194,Ash,EAB,4/6/22
2335 WILSON ST NE,702923310047,Ash,EAB,4/6/22
4929 OAKLAND AVE,1402824230194,Ash,EAB,4/6/22
2112 ST ANTHONY PKWY,1202924110171,Ash,EAB,4/7/22
2419 19TH AVE N E,702923330026,Ash,EAB,4/7/22
2510 UNIVERSITY AVE N E   ,1102924230063,Ash,EAB,4/7/22
2514 UNIVERSITY AVE N E   ,1102924230062,Ash,EAB,4/7/22
2514 UNIVERSITY AVE N E   ,1102924230062,Ash,EAB,4/7/22
2514 UNIVERSITY AVE N E   ,1102924230062,Ash,EAB,4/7/22
2746 HAYES ST N E,1202924120071,Ash,EAB,4/7/22
3000 CALIFORNIA ST N E,302924440024,Ash,EAB,4/7/22
3003 CALIFORNIA ST N E,302924440002,Ash,EAB,4/7/22
4748 WASHBURN AVE S,1702824120125,Ash,EAB,4/7/22
4754 WASHBURN AVE S,1702824120126,Ash,EAB,4/7/22
5149 XERXES AVE S,1702824420130,Ash,EAB,4/7/22
2532 GARFIELD ST N E,1202924130150,Ash,EAB,4/8/22
2618 ULYSSES ST N E,1202924130053,Ash,EAB,4/8/22
2815 47TH ST W,1702824120190,Ash,EAB,4/8/22
5009 VINCENT AVE S,1702824420054,Ash,EAB,4/8/22
5013 VINCENT AVE S,1702824420053,Ash,EAB,4/8/22
915 KENWOOD PKWY,2802924310118,Ash,EAB,4/8/22
4617 2ND AVE S,1502824120057,Ash,EAB,4/20/22
1800 KENWOOD PKWY,2902924410044,Ash,EAB,4/26/22
3915 24TH AVE S,1202824120145,Ash,EAB,5/19/22
1700 WASHINGTON ST N E,1402924210159,Ash,EAB,5/24/22
3817 29TH AVE S,1202824110036,Ash,EAB,5/26/22
3908 28TH AVE S,1202824120211,Ash,EAB,5/26/22
3912 28TH AVE S,1202824120212,Ash,EAB,5/26/22
3916 28TH AVE S,1202824120213,Ash,EAB,5/26/22
629 15TH AVE S E,2402924420180,Ash,EAB,6/1/22
1604 LYN CURVE AVE N,1502924320119,Ash,EAB,6/2/22
4001 20TH AVE S,1202824230029,Ash,EAB,6/2/22
4108 20TH AVE S,1202824230178,Ash,EAB,6/2/22
162 EMERALD ST S E,3002923440162,Ash,EAB,6/7/22
1631 HOLLYWOOD AVE N E,102924120051,Ash,EAB,6/7/22
4226 39TH AVE S,702823420142,Ash,EAB,6/7/22
2004 4TH ST NE,1102924340035,Ash,EAB,6/8/22
346 19TH AVE N E,1102924340018,Ash,EAB,6/8/22
2328 53RD ST W,1702824440083,Ash,EAB,6/9/22
2932 DEAN PKWY,3202924430030,Ash,EAB,6/9/22
3026 LAKE ST W,3202924430031,Ash,EAB,6/9/22
5304 RUSSELL AVE S,1702824440086,Ash,EAB,6/9/22
231 26TH AVE N E,1102924230004,Ash,EAB,6/13/22
233 26TH AVE N E,1102924230005,Ash,EAB,6/13/22
235 26TH AVE N E,1102924230006,Ash,EAB,6/13/22
237 26TH AVE N E,1102924230007,Ash,EAB,6/13/22
239 26TH AVE N E   ,1102924230008,Ash,EAB,6/13/22
2521 UNIVERSITY AVE N E,1102924230048,Ash,EAB,6/13/22
339 LOWRY AVE N E   ,1102924240029,Ash,EAB,6/13/22
3622 CLEVELAND ST N E,102924110141,Ash,EAB,6/13/22
1742 HOLLYWOOD AVE N E,102924120018,Ash,EAB,6/14/22
530 37TH AVE NE,202924210019,Ash,EAB,6/14/22
616 37TH AVE N E,202924120178,Ash,EAB,6/14/22
613 VAN BUREN ST N E,1402924410037,Ash,EAB,6/15/22
613 VAN BUREN ST N E,1402924410037,Ash,EAB,6/15/22
646 SUMMER ST N E,1402924420156,Ash,EAB,6/15/22
2535 BENJAMIN ST N E,1202924140170,Ash,EAB,6/21/22
1943 BUCHANAN ST N E,1202924340079,Ash,EAB,6/23/22
2820 26TH ST W,3202924130001,Ash,EAB,7/1/22
5548 WASHBURN AVE S,2002824120117,Ash,EAB,7/1/22
900 WASHINGTON AVE S E,3002923230172,Ash,EAB,7/8/22
900 WASHINGTON AVE S E,3002923230172,Ash,EAB,7/8/22
900 WASHINGTON AVE S E,3002923230172,Ash,EAB,7/8/22
900 WASHINGTON AVE S E,3002923230172,Ash,EAB,7/8/22
900 WASHINGTON AVE S E,3002923230172,Ash,EAB,7/8/22
900 WASHINGTON AVE S E,3002923230172,Ash,EAB,7/8/22
900 WASHINGTON AVE S E,3002923230172,Ash,EAB,7/8/22
900 WASHINGTON AVE S E,3002923230172,Ash,EAB,7/8/22
3533 5TH ST N E ,202924210091,Ash,EAB,7/11/22
3533 5TH ST N E ,202924210091,Ash,EAB,7/11/22
2406 GARFIELD ST N E,1202924420067,Ash,EAB,7/21/22
3130 PIERCE ST N E,102924310106,Ash,EAB,7/21/22
5854 PARK AVE S,2302824320027,Ash,EAB,7/27/22
218 29TH ST W,3402924340118,Ash,EAB,7/28/22
2729 2ND AVE S,3402924420120,Ash,EAB,7/28/22
4540 OAKLAND AVE,1102824330099,Ash,EAB,8/3/22
4616 OAKLAND AVE,1402824220212,Ash,EAB,8/3/22
4617 PORTLAND AVE,1402824220217,Ash,EAB,8/3/22
4620 OAKLAND AVE,1402824220213,Ash,EAB,8/3/22
4620 OAKLAND AVE,1402824220213,Ash,EAB,8/3/22
4624 OAKLAND AVE,1402824220214,Ash,EAB,8/3/22
4624 OAKLAND AVE,1402824220214,Ash,EAB,8/3/22
2415 HARRIET AVE,3402924230202,Ash,EAB,8/10/22
1929 2ND ST NE,1102924330042,Ash,EAB,8/11/22
2104 3RD ST N E,1102924330023,Ash,EAB,8/11/22
2104 3RD ST N E,1102924330023,Ash,EAB,8/11/22
2135 CALIFORNIA ST N E,1002924410062,Ash,EAB,8/11/22
1530 43RD ST E,1102824410022,Ash,EAB,8/19/22
720 QUINCY ST N E,1402924410184,Ash,EAB,8/23/22
328 2ND ST N E,2302924210075,Ash,EAB,8/25/22
508 2ND ST N E,1402924340120,Ash,EAB,8/26/22
2520 JACKSON ST NE,1102924140080,Ash,EAB,9/13/22
2520 JACKSON ST NE,1102924140080,Ash,EAB,9/13/22
2524-26 JACKSON ST N E,1102924140079,Ash,EAB,9/13/22
2524-26 JACKSON ST N E,1102924140079,Ash,EAB,9/13/22
2712 EWING AVE S,3202924320040,Ash,EAB,9/26/22
3457 ST LOUIS AVE  ,3202924340507,Ash,EAB,9/26/22
1713 2ND ST N E,1402924220006,Ash,EAB,9/28/22
613 26TH AVE N,1502924220135,Ash,EAB,9/28/22
613 26TH AVE N,1502924220135,Ash,EAB,9/28/22
4508 44TH AVE S,702823440183,Ash,EAB,9/29/22
5712 38TH AVE S,1902823240009,Ash,EAB,9/29/22
417 MAIN ST N E,1402924340136,Ash,EAB,10/6/22
650 MONROE ST N E,1402924420032,Ash,EAB,10/11/22
759 WASHINGTON ST N E,1402924420224,Ash,EAB,10/11/22
1114 ADAMS ST N E,1402924130060,Ash,EAB,10/12/22
3218 PIERCE ST N E,102924310083,Ash,EAB,10/12/22
1112 29TH AVE N E,1202924220031,Ash,EAB,10/18/22
3509 43RD AVE S,602823410140,Ash,EAB,10/18/22
5236 30TH AVE S,1302824440012,Ash,EAB,10/20/22
5308 30TH AVE S,1302824440091,Ash,EAB,10/20/22
5106 40TH AVE S,1802823420099,Ash,EAB,10/21/22
2331 7TH ST N E,1102924310180,Ash,EAB,10/24/22
2716 27TH ST E,3602924420032,Ash,EAB,10/24/22
5316 10TH AVE S,1402824340186,Ash,EAB,10/24/22
6117 12TH AVE S,2302824430029,Ash,EAB,10/24/22
1430 JEFFERSON ST N E,1402924120139,Ash,EAB,10/25/22
1730 4TH ST N E,1102924340143,Ash,EAB,10/25/22
1730 4TH ST N E,1102924340143,Ash,EAB,10/25/22
325 QUINCY ST N E,1402924440025,Ash,EAB,10/25/22
861 19TH AVE S E,1902923230100,Ash,EAB,10/26/22
2742 SHERIDAN AVE N,802924440064,Ash,EAB,10/31/22
2751 SHERIDAN AVE N,802924440071,Ash,EAB,10/31/22
2923 QUEEN AVE N,802924410155,Ash,EAB,10/31/22
2933 PENN AVE N,802924410093,Ash,EAB,10/31/22
2933 PENN AVE N,802924410093,Ash,EAB,10/31/22
2933 PENN AVE N,802924410093,Ash,EAB,10/31/22
2718 PENN AVE N,902924330108,Ash,EAB,11/2/22
1104 25TH AVE S E,1902923120052,Ash,EAB,11/3/22
2626 GIRARD AVE N,902924430158,Ash,EAB,11/3/22
2723 EMERSON AVE N,902924430073,Ash,EAB,11/3/22
2727 EMERSON AVE N,902924430072,Ash,EAB,11/3/22
3006 VINCENT AVE N,802924420121,Ash,EAB,11/3/22
3015 EMERSON AVE N,902924420030,Ash,EAB,11/3/22
2117 5TH ST N E,1102924310162,Ash,EAB,11/7/22
2514 GIRARD AVE N,1602924120125,Ash,EAB,11/17/22
3226 TAYLOR ST NE,102924320033,Ash,EAB,11/17/22
123 30TH AVE N E,302924440049,Ash,EAB,11/18/22
1405 25TH AVE N ,1602924210124,Ash,EAB,11/22/22
1618 HILLSIDE AVE,1602924240066,Ash,EAB,11/22/22
2407 IRVING AVE N,1602924210149,Ash,EAB,11/22/22
2504 FREMONT AVE N,1602924120191,Ash,EAB,11/22/22
1816 25TH AVE N,1602924220008,Ash,EAB,11/29/22
2122 WILLOW AVE N,1602924220233,Ash,EAB,11/29/22
1901 THOMAS AVE N,1702924130153,Ash,EAB,11/30/22
2915 GIRARD AVE N,902924420098,Ash,EAB,12/1/22
2500 5TH ST N E,1102924240030,Ash,EAB,12/6/22
2531 4TH ST N E,1102924240041,Ash,EAB,12/6/22
2519 MADISON ST N E,1102924130078,Ash,EAB,12/8/22
2612 HOWARD ST N E,1102924130159,Ash,EAB,12/8/22
2626 HOWARD ST N E,1102924130270,Ash,EAB,12/8/22
105 VALLEYVIEW PL,1502824340086,Ash,EAB,12/12/22
2426 SHERIDAN AVE S,3202924130032,Ash,EAB,12/12/22
1623 NOKOMIS CT,2302824140088,Ash,EAB,12/13/22
5420 45TH AVE S,1902823110035,Ash,EAB,12/13/22
5616 36TH AVE S,1902823240183,Ash,EAB,12/13/22
5649 34TH AVE S,1902823240228,Ash,EAB,12/13/22
5853 42ND AVE S,1902823410100,Ash,EAB,12/13/22
1328 VINCENT AVE N,1702924430104,Ash,EAB,12/14/22
2327 GOLDEN VALLEY ROAD N,1702924410034,Ash,EAB,12/14/22
4645 4TH AVE S,1502824110056,Ash,EAB,12/14/22
4717 CLINTON AVE S,1502824110118,Ash,EAB,12/14/22
4725 2ND AVE S,1502824120105,Ash,EAB,12/14/22
4729 2ND AVE S,1502824120104,Ash,EAB,12/14/22
4738 3RD AVE S,1502824120097,Ash,EAB,12/14/22
4744 3RD AVE S,1502824120098,Ash,EAB,12/14/22
4808 PORTLAND AVE,1502824140211,Ash,EAB,12/14/22
4814 PORTLAND AVE,1502824140132,Ash,EAB,12/14/22
4840 CLINTON AVE,1502824140028,Ash,EAB,12/14/22
5408 31ST AVE S,2402824110050,Ash,EAB,12/14/22
5425 31ST AVE S,1902823220066,Ash,EAB,12/14/22
5441 29TH AVE S,2402824110127,Ash,EAB,12/14/22
5505 30TH AVE S,2402824110046,Ash,EAB,12/14/22
5516 14TH AVE S,2302824120093,Ash,EAB,12/14/22
5528 14TH AVE S,2302824120096,Ash,EAB,12/14/22
5541 13TH AVE S,2302824120102,Ash,EAB,12/14/22
5612 41ST AVE S,1902823130031,Ash,EAB,12/14/22
5640 34TH AVE S ,1902823230003,Ash,EAB,12/14/22
5719 13TH AVE S,2302824130139,Ash,EAB,12/14/22
5753 BOSSEN TER ,1902823230093,Ash,EAB,12/14/22
5812 46TH AVE S ,1902823410004,Ash,EAB,12/14/22
316 1/2 MINNEHAHA PKWY E,1502824410106,Ash,EAB,12/15/22
4649 OAKLAND AVE,1402824220145,Ash,EAB,12/15/22
4655 OAKLAND AVE,1402824220144,Ash,EAB,12/15/22
5400 27TH AVE S,2402824120030,Ash,EAB,12/15/22
5553 25TH AVE S,2402824120158,Ash,EAB,12/15/22
5640 23RD AVE S,2402824240012,Ash,EAB,12/15/22
5648 23RD AVE S,2402824240013,Ash,EAB,12/15/22
5732 23RD AVE S,2402824240153,Ash,EAB,12/15/22
5921 26TH AVE S,2402824420092,Ash,EAB,12/15/22
5629 21ST AVE S,2402824240080,Ash,EAB,12/16/22
5652 LONGFELLOW AVE,2402824230006,Ash,EAB,12/16/22
5704 22ND AVE S ,2402824240087,Ash,EAB,12/16/22
5717 LONGFELLOW AVE,2402824230049,Ash,EAB,12/16/22
5806 20TH AVE S,2402824320012,Ash,EAB,12/16/22
5701 12TH AVE S,2302824130106,Ash,EAB,12/19/22
302 1/2 48TH ST E,1502824110017,Ash,EAB,12/20/22
4143 2ND AVE S,1002824130050,Ash,EAB,12/20/22
4201 5TH AVE S,1002824410030,Ash,EAB,12/20/22
4936 CHICAGO AVE,1402824230127,Ash,EAB,12/20/22
5931 2ND AVE S,2202824420040,Ash,EAB,12/20/22
6025 PORTLAND AVE,2302824330109,Ash,EAB,12/20/22
6040 15TH AVE S,2302824430148,Ash,EAB,12/20/22
6108 10TH AVE S,2302824340094,Ash,EAB,12/20/22
1210 54TH ST E,1402824430185,Ash,EAB,12/21/22
314 45TH ST E,1002824440096,Ash,EAB,12/21/22
318 DIAMOND LAKE RD E,2202824110061,Ash,EAB,12/21/22
328 46TH ST E,1002824440132,Ash,EAB,12/21/22
4204 10TH AVE S,1102824310131,Ash,EAB,12/21/22
4204 14TH AVE S,1102824420044,Ash,EAB,12/21/22
4305 11TH AVE S,1102824310029,Ash,EAB,12/21/22
4448 CLINTON AVE S,1002824440095,Ash,EAB,12/21/22
4520 PORTLAND AVE S,1002824440176,Ash,EAB,12/21/22
4900 ELLIOT AVE,1402824240153,Ash,EAB,12/21/22
4932 ELLIOT AVE,1402824240161,Ash,EAB,12/21/22
5401 PORTLAND AVE,2302824220071,Ash,EAB,12/21/22
5849 2ND AVE S,2202824420045,Ash,EAB,12/21/22
5944 PARK AVE,2302824320174,Ash,EAB,12/21/22
4244 18TH AVE S,1102824410045,Ash,EAB,12/22/22
4351 BLOOMINGTON AVE S,1102824410170,Ash,EAB,12/22/22
4816 12TH AVE S,1402824240077,Ash,EAB,12/22/22
4817 12TH AVE S,1402824130103,Ash,EAB,12/22/22
5127 CHICAGO AVE,1402824310055,Ash,EAB,12/27/22
5217 BLOOMINGTON AVE,1402824440053,Ash,EAB,12/27/22
5428 CHICAGO AVE,2302824220007,Ash,EAB,12/27/22
4615 BLOOMINGTON AVE,1402824110026,Ash,EAB,12/28/22
4729 13TH AVE S,1402824120105,Ash,EAB,12/28/22
4800 BLOOMINGTON AVE,1402824130022,Ash,EAB,12/28/22
5223 CHICAGO AVE,1402824340055,Ash,EAB,12/28/22
5400 PARK AVE,2302824220048,Ash,EAB,12/29/22
3219 MONDAMIN ST,1802823330122,Ash,EAB,1/3/23
3300 51ST ST E,1802823320051,Ash,EAB,1/3/23
4227 28TH AVE S,1202824410226,Ash,EAB,1/3/23
4848 32ND AVE S,1802823230062,Ash,EAB,1/3/23
3010 50TH ST E   ,1302824140118,Ash,EAB,1/4/23
4818 34TH AVE S,1802823230024,Ash,EAB,1/4/23
4921 31ST AVE S,1802823230075,Ash,EAB,1/4/23
5014 30TH AVE S,1302824410062,Ash,EAB,1/4/23
5244 27TH AVE S,1302824430041,Ash,EAB,1/4/23
5353 28TH AVE S,1302824440076,Ash,EAB,1/4/23
4501 34TH AVE S,702823340113,Ash,EAB,1/5/23
4501 34TH AVE S,702823340113,Ash,EAB,1/5/23
4511-13  34TH AVE S,702823340112,Ash,EAB,1/5/23
4832 NOKOMIS AVE S,1302824140164,Ash,EAB,1/5/23
5038 38TH AVE S,1802823310124,Ash,EAB,1/5/23
5120 WOODLAWN BLVD,1302824420008,Ash,EAB,1/5/23
5121 WOODLAWN BLVD,1302824420072,Ash,EAB,1/5/23
5132 43RD AVE S,1802823410057,Ash,EAB,1/5/23
5229 36TH AVE S,1802823340053,Ash,EAB,1/5/23
4234 NOKOMIS AVE S,1202824410155,Ash,EAB,1/6/23
4353 NOKOMIS AVE S,1202824410104,Ash,EAB,1/6/23
4417 31ST AVE S,702823330086,Ash,EAB,1/6/23
4500 29TH AVE S,1202824440001,Ash,EAB,1/6/23
4520 30TH AVE S,1202824440036,Ash,EAB,1/6/23
5315 MINNEHAHA AVE,1702823330037,Ash,EAB,1/6/23
5617 22ND AVE S,2402824240055,Ash,EAB,1/6/23
4336 19TH AVE S,1202824320155,Ash,EAB,1/9/23
4509 33RD AVE S,702823330171,Ash,EAB,1/9/23
4515 CEDAR AVE S,1202824330052,Ash,EAB,1/9/23
4540 33RD AVE S ,702823330127,Ash,EAB,1/9/23
4540 35TH AVE S,702823340102,Ash,EAB,1/9/23
4548 LONGFELLOW AVE,1202824330039,Ash,EAB,1/9/23
1700 LAKE ST E,3502924440221,Ash,EAB,1/10/23
2421 PORTLAND AVE,3502924230162,Ash,EAB,1/10/23
2504 COLUMBUS AVE S   ,3502924230013,Ash,EAB,1/10/23
2633 PORTLAND AVE,3502924320479,Ash,EAB,1/10/23
2636 OAKLAND AVE SO,3502924320184,Ash,EAB,1/10/23
2642 LONGFELLOW AVE,3602924320034,Ash,EAB,1/10/23
2804 CHICAGO AVE,3502924330239,Ash,EAB,1/10/23
2836 17TH AVE S  ,3502924440009,Ash,EAB,1/10/23
2840 17TH AVE S,3502924440010,Ash,EAB,1/10/23
3447 CENTRAL AVE N E,102924230084,Ash,EAB,1/10/23
1806 26TH ST E,3502924140134,Ash,EAB,1/11/23
2501 17TH AVE S,3502924140187,Ash,EAB,1/11/23
3036 3RD AVE S,302824120010,Ash,EAB,1/11/23
3128 32ND AVE S,602823220109,Ash,EAB,1/11/23
3141 OAKLAND AVE,202824220174,Ash,EAB,1/11/23
3145 OAKLAND AVE,202824220173,Ash,EAB,1/11/23
3423 COLUMBUS AVE,202824320034,Ash,EAB,1/11/23
3555 2ND AVE S ,302824420192,Ash,EAB,1/11/23
3644 CLINTON AVE S,302824440056,Ash,EAB,1/11/23
3710 CHICAGO AVE,202824330223,Ash,EAB,1/11/23
4225 45TH AVE S,702823410092,Ash,EAB,1/11/23
1820 GIRARD AVE S,2802924430124,Ash,EAB,1/12/23
2737 FRANCE AVE S,3202924320049,Ash,EAB,1/12/23
2737 FRANCE AVE S,3202924320049,Ash,EAB,1/12/23
2741 FRANCE AVE S,3202924320048,Ash,EAB,1/12/23
3524 42ND AVE S,602823420186,Ash,EAB,1/12/23
5917 XERXES AVE S,2002824420121,Ash,EAB,1/12/23
1714 GRAND ST N E,1502924110178,Ash,EAB,1/17/23
1714 GRAND ST N E,1502924110178,Ash,EAB,1/17/23
214 24TH ST W,3402924210017,Ash,EAB,1/17/23
2417 PLEASANT AVE,3402924240205,Ash,EAB,1/17/23
2425 52ND ST W,1702824440120,Ash,EAB,1/17/23
2509 CLINTON AVE,3402924140082,Ash,EAB,1/17/23
2515 CLINTON AVE S   ,3402924140081,Ash,EAB,1/17/23
2515 CLINTON AVE S   ,3402924140081,Ash,EAB,1/17/23
2517 CLINTON AVE S,3402924140088,Ash,EAB,1/17/23
2519 CLINTON AVE S,3402924140089,Ash,EAB,1/17/23
2521 CLINTON AVE S,3402924140090,Ash,EAB,1/17/23
2523 CLINTON AVE S,3402924140091,Ash,EAB,1/17/23
2525 CLINTON AVE S  ,3402924140092,Ash,EAB,1/17/23
2626 STEVENS AVE,3402924420041,Ash,EAB,1/17/23
2628 STEVENS AVE,3402924420042,Ash,EAB,1/17/23
2728 PILLSBURY AVE,3402924310059,Ash,EAB,1/17/23
2804 30TH AVE S,3602924440223,Ash,EAB,1/17/23
2904 31ST AVE S,3602924440126,Ash,EAB,1/17/23
2912 22ND ST E ,3602924110018,Ash,EAB,1/17/23
1620 MARSHALL ST NE,1502924110034,Ash,EAB,1/18/23
1620 MARSHALL ST NE,1502924110034,Ash,EAB,1/18/23
1620 MARSHALL ST NE,1502924110034,Ash,EAB,1/18/23
1620 MARSHALL ST NE,1502924110034,Ash,EAB,1/18/23
2525 3RD AVE S            1,3402924140111,Ash,EAB,1/18/23
2525 3RD AVE S            10,3402924140120,Ash,EAB,1/18/23
2525 3RD AVE S            101,3402924140122,Ash,EAB,1/18/23
2525 3RD AVE S            102,3402924140123,Ash,EAB,1/18/23
2525 3RD AVE S            105,3402924140126,Ash,EAB,1/18/23
2525 3RD AVE S            106,3402924140127,Ash,EAB,1/18/23
2525 3RD AVE S            107,3402924140128,Ash,EAB,1/18/23
2525 3RD AVE S            108,3402924140129,Ash,EAB,1/18/23
2525 3RD AVE S            11,3402924140121,Ash,EAB,1/18/23
2525 3RD AVE S            110,3402924140131,Ash,EAB,1/18/23
2525 3RD AVE S            111,3402924140132,Ash,EAB,1/18/23
2525 3RD AVE S            112,3402924140133,Ash,EAB,1/18/23
2525 3RD AVE S            2,3402924140112,Ash,EAB,1/18/23
2525 3RD AVE S            201,3402924140134,Ash,EAB,1/18/23
2525 3RD AVE S            202,3402924140135,Ash,EAB,1/18/23
2525 3RD AVE S            203,3402924140136,Ash,EAB,1/18/23
2525 3RD AVE S            204,3402924140137,Ash,EAB,1/18/23
2525 3RD AVE S            205,3402924140138,Ash,EAB,1/18/23
2525 3RD AVE S            206,3402924140139,Ash,EAB,1/18/23
2525 3RD AVE S            207,3402924140140,Ash,EAB,1/18/23
2525 3RD AVE S            208,3402924140141,Ash,EAB,1/18/23
2525 3RD AVE S            209,3402924140142,Ash,EAB,1/18/23
2525 3RD AVE S            210,3402924140143,Ash,EAB,1/18/23
2525 3RD AVE S            211,3402924140144,Ash,EAB,1/18/23
2525 3RD AVE S            212,3402924140145,Ash,EAB,1/18/23
2525 3RD AVE S            3,3402924140113,Ash,EAB,1/18/23
2525 3RD AVE S            4,3402924140114,Ash,EAB,1/18/23
2525 3RD AVE S            5,3402924140115,Ash,EAB,1/18/23
2525 3RD AVE S            6,3402924140116,Ash,EAB,1/18/23
2525 3RD AVE S            7,3402924140117,Ash,EAB,1/18/23
2525 3RD AVE S            8,3402924140118,Ash,EAB,1/18/23
2525 3RD AVE S            9,3402924140119,Ash,EAB,1/18/23
2525 3RD AVE S   #104,3402924140125,Ash,EAB,1/18/23
2525 3RD AVE S #103,3402924140124,Ash,EAB,1/18/23
2525 3RD AVE S #109,3402924140130,Ash,EAB,1/18/23
2533 3RD AVE S,3402924140040,Ash,EAB,1/18/23
2717 LYNDALE AVE S,3402924320361,Ash,EAB,1/18/23
3636 33RD AVE S,602823330076,Ash,EAB,1/19/23
3804 45TH ST E,702823430175,Ash,EAB,1/19/23
1606 MAIN ST N E,1502924110093,Ash,EAB,1/20/23
1619 MAIN ST N E   ,1402924220146,Ash,EAB,1/20/23
1915 CLINTON AVE,2702924440089,Ash,EAB,1/20/23
2014 49TH ST W,1602824230027,Ash,EAB,1/20/23
2409 GRAND AVE S,3402924230191,Ash,EAB,1/20/23
332 DIAMOND LAKE RD W,1502824330018,Ash,EAB,1/20/23
4327 WENTWORTH AVE,1002824310203,Ash,EAB,1/20/23
4401 WENTWORTH AVE,1002824340027,Ash,EAB,1/20/23
4506 PILLSBURY AVE,1002824340161,Ash,EAB,1/20/23
5007 SHERIDAN AVE S,1702824410080,Ash,EAB,1/20/23
5128 UPTON AVE S,1702824420179,Ash,EAB,1/20/23
3400 FILLMORE ST N E,102924230010,Ash,EAB,1/23/23
3501 BLOOMINGTON AVE,202824410118,Ash,EAB,1/23/23
3516 18TH AVE S,202824410178,Ash,EAB,1/23/23
2121 BRYANT AVE S,3302924110190,Ash,EAB,1/24/23
2426 IRVING AVE S,3302924240052,Ash,EAB,1/24/23
2712 FREMONT AVE S,3302924420116,Ash,EAB,1/24/23
4429 NICOLLET AVE ,1002824430167,Ash,EAB,1/24/23
4530 NICOLLET AVE,1002824340219,Ash,EAB,1/24/23
6019 UPTON AVE S,2002824430069,Ash,EAB,1/24/23
6048 SHERIDAN AVE S,2002824440067,Ash,EAB,1/24/23
6051 THOMAS AVE S,2002824440069,Ash,EAB,1/24/23
6104 THOMAS AVE S,2002824430122,Ash,EAB,1/24/23
240 WASHBURN AVE N,2002924430122,Ash,EAB,1/25/23
2710 55TH ST W,2002824120051,Ash,EAB,1/26/23
2808 HUMBOLDT AVE S,3302924310116,Ash,EAB,1/26/23
3627 LYNDALE AVE S,302824330055,Ash,EAB,1/26/23
5523 WASHBURN AVE S,2002824120204,Ash,EAB,1/26/23
5645 VINCENT AVE S,2002824130051,Ash,EAB,1/26/23
5648 UPTON AVE S,2002824130050,Ash,EAB,1/26/23
5757 VINCENT AVE S,2002824130124,Ash,EAB,1/26/23
1650 DUPONT AVE S,2802924410021,Ash,EAB,1/27/23
2620 59TH ST W,2002824410185,Ash,EAB,1/27/23
2620 59TH ST W,2002824410185,Ash,EAB,1/27/23
5824 VINCENT AVE S,2002824420060,Ash,EAB,1/27/23
5836 RUSSELL AVE S,2002824410018,Ash,EAB,1/27/23
5838 THOMAS AVE S,2002824420212,Ash,EAB,1/27/23
5844 WASHBURN AVE S,2002824420083,Ash,EAB,1/27/23
5901 UPTON AVE S,2002824420205,Ash,EAB,1/27/23
5700 MORGAN AVE S,2102824230132,Ash,EAB,1/31/23
5741 NEWTON AVE S,2102824230151,Ash,EAB,1/31/23
5741 NEWTON AVE S,2102824230151,Ash,EAB,1/31/23
5909 QUEEN AVE S,2002824410135,Ash,EAB,1/31/23
5915 QUEEN AVE S,2002824410134,Ash,EAB,1/31/23
5919 QUEEN AVE S,2002824410133,Ash,EAB,1/31/23
2416 42ND ST W,802824140038,Ash,EAB,2/2/23
2914 40TH ST W,802824120170,Ash,EAB,2/2/23
3542 POLK ST N E,102924220187,Ash,EAB,2/2/23
3570 POLK ST N E,102924220099,Ash,EAB,2/2/23
3628 13TH AVE S,202824430092,Ash,EAB,2/2/23
3804 DREW AVE S,802824220137,Ash,EAB,2/2/23
3921 WASHBURN AVE S,802824120115,Ash,EAB,2/2/23
3941 EWING AVE S,802824220059,Ash,EAB,2/2/23
4004 DREW AVE S,802824230112,Ash,EAB,2/2/23
4127-29 LINDEN HILLS BLVD   ,802824140039,Ash,EAB,2/2/23
6044 ELLIOT AVE S,2302824340006,Ash,EAB,2/2/23
636 MORGAN AVE S,2802924230032,Ash,EAB,2/3/23
2902 40TH ST W,802824120167,Ash,EAB,2/6/23
4419 FRANCE AVE S,802824330092,Ash,EAB,2/6/23
4500 VINCENT AVE S,802824430139,Ash,EAB,2/6/23
4926 4TH CT N,1211821130144,Ash,EAB,2/6/23
500 49TH AVE N,1211821130140,Ash,EAB,2/6/23
5209 6TH ST N   ,1211821120034,Ash,EAB,2/6/23
3200 10TH AVE S,202824240001,Ash,EAB,2/7/23
4726 CAMDEN AVE N,1211821420060,Ash,EAB,2/7/23
5133 ALDRICH AVE N,1211821210006,Ash,EAB,2/7/23
5141 CAMDEN AVE N,1211821210149,Ash,EAB,2/7/23
5233 CAMDEN AVE N,1211821210045,Ash,EAB,2/7/23
2628 MARSHALL ST N E,1002924130007,Ash,EAB,2/8/23
2628 MARSHALL ST N E,1002924130007,Ash,EAB,2/8/23
2630 MARSHALL ST N E,1002924130006,Ash,EAB,2/8/23
2630 MARSHALL ST N E,1002924130006,Ash,EAB,2/8/23
2644 MARSHALL ST N E,1002924130005,Ash,EAB,2/8/23
4714 COLFAX AVE N,1211821310077,Ash,EAB,2/8/23
4843 BRYANT AVE N,1211821310181,Ash,EAB,2/8/23
4859 BRYANT AVE N,1211821310177,Ash,EAB,2/8/23
5219 BRYANT AVE N,1211821210103,Ash,EAB,2/8/23
3122 STINSON BLVD,102924410009,Ash,EAB,2/9/23
3335 GARFIELD ST N E,102924130090,Ash,EAB,2/9/23
4822 EMERSON AVE N,1211821320021,Ash,EAB,2/9/23
4938 EMERSON AVE N,1211821230218,Ash,EAB,2/9/23
5223 DUPONT AVE N,1211821220041,Ash,EAB,2/9/23
617 RUSSELL AVE N,2002924140158,Ash,EAB,2/9/23
700 VINCENT AVE N,2002924130071,Ash,EAB,2/9/23
1622 OLIVER AVE N,1602924320069,Ash,EAB,2/10/23
4715 EMERSON AVE N,1211821320152,Ash,EAB,2/10/23
4731 EMERSON AVE N,1211821320148,Ash,EAB,2/10/23
5053 FREMONT AVE N,1211821230057,Ash,EAB,2/10/23
4209 DREW AVE S,802824320033,Ash,EAB,2/13/23
535 LOGAN AVE N,2102924320205,Ash,EAB,2/13/23
810 NEWTON AVE N,2102924230159,Ash,EAB,2/13/23
5012 BELMONT AVE S,1502824310127,Ash,EAB,2/14/23
5049 FREMONT AVE N,1211821230058,Ash,EAB,2/15/23
5233 FREMONT AVE N,1211821220079,Ash,EAB,2/15/23
851 OLSON MEMORIAL HWY,2102924410033,Ash,EAB,2/15/23
1339 VINCENT AVE N,1702924430117,Ash,EAB,2/17/23
 2016 GLENWOOD AVE N   ,2102924320013,Ash,EAB,2/22/23
3458 ULYSSES ST NE,102924130002,Ash,EAB,2/22/23
429 QUEEN AVE N,2002924410108,Ash,EAB,2/22/23
4605 HARRIET AVE,1502824220026,Ash,EAB,2/22/23
4613 GARFIELD AVE,1502824220038,Ash,EAB,2/22/23
19 35TH ST W,302824310189,Ash,EAB,2/24/23
2712 43RD ST W,802824410019,Ash,EAB,2/24/23
3432 FREMONT AVE S,402824420102,Ash,EAB,2/24/23
3513 BLAISDELL AVE,302824310187,Ash,EAB,2/24/23
3520 W BDE MAKA SKA PKWY ,502824310013,Ash,EAB,2/24/23
4050 NICOLLET AVE,1002824240014,Ash,EAB,2/24/23
5614 NICOLLET AVE,2202824240053,Ash,EAB,2/27/23
5732 NICOLLET AVE ,2202824240113,Ash,EAB,2/27/23
5533 1ST AVE S,2202824120121,Ash,EAB,2/28/23
5829 GARFIELD AVE,2202824320076,Ash,EAB,2/28/23
3347 BDE MAKA SKA PKWY E,402824240223,Ash,EAB,3/1/23
3540 HENNEPIN AVE,402824310286,Ash,EAB,3/1/23
3540 HENNEPIN AVE         101,402824310214,Ash,EAB,3/1/23
3540 HENNEPIN AVE         102,402824310215,Ash,EAB,3/1/23
3540 HENNEPIN AVE         104,402824310216,Ash,EAB,3/1/23
3540 HENNEPIN AVE         105,402824310217,Ash,EAB,3/1/23
3540 HENNEPIN AVE         106,402824310218,Ash,EAB,3/1/23
3540 HENNEPIN AVE         107,402824310219,Ash,EAB,3/1/23
3540 HENNEPIN AVE         108,402824310220,Ash,EAB,3/1/23
3540 HENNEPIN AVE         109,402824310221,Ash,EAB,3/1/23
3540 HENNEPIN AVE         110,402824310222,Ash,EAB,3/1/23
3540 HENNEPIN AVE         111,402824310223,Ash,EAB,3/1/23
3540 HENNEPIN AVE         112,402824310224,Ash,EAB,3/1/23
3540 HENNEPIN AVE         114,402824310225,Ash,EAB,3/1/23
3540 HENNEPIN AVE         115,402824310226,Ash,EAB,3/1/23
3540 HENNEPIN AVE         116,402824310227,Ash,EAB,3/1/23
3540 HENNEPIN AVE         117,402824310228,Ash,EAB,3/1/23
3540 HENNEPIN AVE         118,402824310229,Ash,EAB,3/1/23
3540 HENNEPIN AVE         119,402824310230,Ash,EAB,3/1/23
3540 HENNEPIN AVE         120,402824310231,Ash,EAB,3/1/23
3540 HENNEPIN AVE         121,402824310232,Ash,EAB,3/1/23
3540 HENNEPIN AVE         122,402824310233,Ash,EAB,3/1/23
3540 HENNEPIN AVE         123,402824310234,Ash,EAB,3/1/23
3540 HENNEPIN AVE         124,402824310235,Ash,EAB,3/1/23
3540 HENNEPIN AVE         201,402824310236,Ash,EAB,3/1/23
3540 HENNEPIN AVE         202,402824310237,Ash,EAB,3/1/23
3540 HENNEPIN AVE         203,402824310238,Ash,EAB,3/1/23
3540 HENNEPIN AVE         204,402824310239,Ash,EAB,3/1/23
3540 HENNEPIN AVE         205,402824310240,Ash,EAB,3/1/23
3540 HENNEPIN AVE         206,402824310241,Ash,EAB,3/1/23
3540 HENNEPIN AVE         207,402824310242,Ash,EAB,3/1/23
3540 HENNEPIN AVE         208,402824310243,Ash,EAB,3/1/23
3540 HENNEPIN AVE         209,402824310244,Ash,EAB,3/1/23
3540 HENNEPIN AVE         210,402824310245,Ash,EAB,3/1/23
3540 HENNEPIN AVE         211,402824310246,Ash,EAB,3/1/23
3540 HENNEPIN AVE         212,402824310247,Ash,EAB,3/1/23
3540 HENNEPIN AVE         213,402824310248,Ash,EAB,3/1/23
3540 HENNEPIN AVE         214,402824310249,Ash,EAB,3/1/23
3540 HENNEPIN AVE         215,402824310250,Ash,EAB,3/1/23
3540 HENNEPIN AVE         216,402824310251,Ash,EAB,3/1/23
3540 HENNEPIN AVE         217,402824310252,Ash,EAB,3/1/23
3540 HENNEPIN AVE         218,402824310253,Ash,EAB,3/1/23
3540 HENNEPIN AVE         219,402824310254,Ash,EAB,3/1/23
3540 HENNEPIN AVE         220,402824310255,Ash,EAB,3/1/23
3540 HENNEPIN AVE         221,402824310256,Ash,EAB,3/1/23
3540 HENNEPIN AVE         222,402824310366,Ash,EAB,3/1/23
3540 HENNEPIN AVE         223,402824310258,Ash,EAB,3/1/23
3540 HENNEPIN AVE         224,402824310259,Ash,EAB,3/1/23
3540 HENNEPIN AVE         301,402824310260,Ash,EAB,3/1/23
3540 HENNEPIN AVE         302,402824310261,Ash,EAB,3/1/23
3540 HENNEPIN AVE         303,402824310369,Ash,EAB,3/1/23
3540 HENNEPIN AVE         304,402824310263,Ash,EAB,3/1/23
3540 HENNEPIN AVE         305,402824310264,Ash,EAB,3/1/23
3540 HENNEPIN AVE         306,402824310265,Ash,EAB,3/1/23
3540 HENNEPIN AVE         307,402824310266,Ash,EAB,3/1/23
3540 HENNEPIN AVE         308,402824310267,Ash,EAB,3/1/23
3540 HENNEPIN AVE         309,402824310268,Ash,EAB,3/1/23
3540 HENNEPIN AVE         310,402824310269,Ash,EAB,3/1/23
3540 HENNEPIN AVE         311,402824310270,Ash,EAB,3/1/23
3540 HENNEPIN AVE         312,402824310271,Ash,EAB,3/1/23
3540 HENNEPIN AVE         313,402824310272,Ash,EAB,3/1/23
3540 HENNEPIN AVE         314,402824310273,Ash,EAB,3/1/23
3540 HENNEPIN AVE         315,402824310274,Ash,EAB,3/1/23
3540 HENNEPIN AVE         316,402824310275,Ash,EAB,3/1/23
3540 HENNEPIN AVE         317,402824310276,Ash,EAB,3/1/23
3540 HENNEPIN AVE         318,402824310277,Ash,EAB,3/1/23
3540 HENNEPIN AVE         319,402824310278,Ash,EAB,3/1/23
3540 HENNEPIN AVE         320,402824310279,Ash,EAB,3/1/23
3540 HENNEPIN AVE         321,402824310280,Ash,EAB,3/1/23
3540 HENNEPIN AVE         322,402824310281,Ash,EAB,3/1/23
3540 HENNEPIN AVE         323,402824310282,Ash,EAB,3/1/23
3540 HENNEPIN AVE         324,402824310283,Ash,EAB,3/1/23
3540 HENNEPIN AVE         G10,402824310295,Ash,EAB,3/1/23
3540 HENNEPIN AVE         G11,402824310296,Ash,EAB,3/1/23
3540 HENNEPIN AVE         G12,402824310297,Ash,EAB,3/1/23
3540 HENNEPIN AVE         G13,402824310298,Ash,EAB,3/1/23
3540 HENNEPIN AVE         G14,402824310299,Ash,EAB,3/1/23
3540 HENNEPIN AVE         G15,402824310300,Ash,EAB,3/1/23
3540 HENNEPIN AVE         G16,402824310301,Ash,EAB,3/1/23
3540 HENNEPIN AVE         G17,402824310302,Ash,EAB,3/1/23
3540 HENNEPIN AVE         G18,402824310303,Ash,EAB,3/1/23
3540 HENNEPIN AVE         G19,402824310304,Ash,EAB,3/1/23
3540 HENNEPIN AVE         G2,402824310287,Ash,EAB,3/1/23
3540 HENNEPIN AVE         G20,402824310305,Ash,EAB,3/1/23
3540 HENNEPIN AVE         G21,402824310306,Ash,EAB,3/1/23
3540 HENNEPIN AVE         G22,402824310307,Ash,EAB,3/1/23
3540 HENNEPIN AVE         G23,402824310308,Ash,EAB,3/1/23
3540 HENNEPIN AVE         G24,402824310309,Ash,EAB,3/1/23
3540 HENNEPIN AVE         G25,402824310310,Ash,EAB,3/1/23
3540 HENNEPIN AVE         G26,402824310311,Ash,EAB,3/1/23
3540 HENNEPIN AVE         G27,402824310312,Ash,EAB,3/1/23
3540 HENNEPIN AVE         G28,402824310313,Ash,EAB,3/1/23
3540 HENNEPIN AVE         G29,402824310314,Ash,EAB,3/1/23
3540 HENNEPIN AVE         G3,402824310288,Ash,EAB,3/1/23
3540 HENNEPIN AVE         G30,402824310315,Ash,EAB,3/1/23
3540 HENNEPIN AVE         G31,402824310316,Ash,EAB,3/1/23
3540 HENNEPIN AVE         G33,402824310318,Ash,EAB,3/1/23
3540 HENNEPIN AVE         G34,402824310319,Ash,EAB,3/1/23
3540 HENNEPIN AVE         G35,402824310320,Ash,EAB,3/1/23
3540 HENNEPIN AVE         G36,402824310321,Ash,EAB,3/1/23
3540 HENNEPIN AVE         G37,402824310322,Ash,EAB,3/1/23
3540 HENNEPIN AVE         G38,402824310323,Ash,EAB,3/1/23
3540 HENNEPIN AVE         G39,402824310324,Ash,EAB,3/1/23
3540 HENNEPIN AVE         G4,402824310289,Ash,EAB,3/1/23
3540 HENNEPIN AVE         G40,402824310325,Ash,EAB,3/1/23
3540 HENNEPIN AVE         G41,402824310326,Ash,EAB,3/1/23
3540 HENNEPIN AVE         G42,402824310327,Ash,EAB,3/1/23
3540 HENNEPIN AVE         G43,402824310328,Ash,EAB,3/1/23
3540 HENNEPIN AVE         G44,402824310329,Ash,EAB,3/1/23
3540 HENNEPIN AVE         G45,402824310330,Ash,EAB,3/1/23
3540 HENNEPIN AVE         G46,402824310331,Ash,EAB,3/1/23
3540 HENNEPIN AVE         G47,402824310332,Ash,EAB,3/1/23
3540 HENNEPIN AVE         G48,402824310333,Ash,EAB,3/1/23
3540 HENNEPIN AVE         G49,402824310334,Ash,EAB,3/1/23
3540 HENNEPIN AVE         G5,402824310290,Ash,EAB,3/1/23
3540 HENNEPIN AVE         G50,402824310335,Ash,EAB,3/1/23
3540 HENNEPIN AVE         G51,402824310336,Ash,EAB,3/1/23
3540 HENNEPIN AVE         G52,402824310337,Ash,EAB,3/1/23
3540 HENNEPIN AVE         G53,402824310338,Ash,EAB,3/1/23
3540 HENNEPIN AVE         G54,402824310339,Ash,EAB,3/1/23
3540 HENNEPIN AVE         G55,402824310340,Ash,EAB,3/1/23
3540 HENNEPIN AVE         G56,402824310341,Ash,EAB,3/1/23
3540 HENNEPIN AVE         G57,402824310342,Ash,EAB,3/1/23
3540 HENNEPIN AVE         G58,402824310343,Ash,EAB,3/1/23
3540 HENNEPIN AVE         G59,402824310344,Ash,EAB,3/1/23
3540 HENNEPIN AVE         G6,402824310291,Ash,EAB,3/1/23
3540 HENNEPIN AVE         G60,402824310345,Ash,EAB,3/1/23
3540 HENNEPIN AVE         G61,402824310346,Ash,EAB,3/1/23
3540 HENNEPIN AVE         G62,402824310347,Ash,EAB,3/1/23
3540 HENNEPIN AVE         G63,402824310348,Ash,EAB,3/1/23
3540 HENNEPIN AVE         G64,402824310349,Ash,EAB,3/1/23
3540 HENNEPIN AVE         G65,402824310350,Ash,EAB,3/1/23
3540 HENNEPIN AVE         G66,402824310351,Ash,EAB,3/1/23
3540 HENNEPIN AVE         G67,402824310352,Ash,EAB,3/1/23
3540 HENNEPIN AVE         G68,402824310353,Ash,EAB,3/1/23
3540 HENNEPIN AVE         G69,402824310354,Ash,EAB,3/1/23
3540 HENNEPIN AVE         G7,402824310292,Ash,EAB,3/1/23
3540 HENNEPIN AVE         G70,402824310355,Ash,EAB,3/1/23
3540 HENNEPIN AVE         G72,402824310357,Ash,EAB,3/1/23
3540 HENNEPIN AVE         G73,402824310358,Ash,EAB,3/1/23
3540 HENNEPIN AVE         G74,402824310359,Ash,EAB,3/1/23
3540 HENNEPIN AVE         G75,402824310360,Ash,EAB,3/1/23
3540 HENNEPIN AVE         G76,402824310361,Ash,EAB,3/1/23
3540 HENNEPIN AVE         G8,402824310293,Ash,EAB,3/1/23
3540 HENNEPIN AVE         G9,402824310294,Ash,EAB,3/1/23
3540 HENNEPIN AVE         L225,402824310284,Ash,EAB,3/1/23
3540 HENNEPIN AVE         L325,402824310285,Ash,EAB,3/1/23
5036 HUMBOLDT LA N,1211821230269,Ash,EAB,3/3/23
5433 JAMES AVE S,2102824210039,Ash,EAB,3/3/23
5500 IRVING AVE S,2102824210111,Ash,EAB,3/3/23
5648 IRVING AVE S,2102824240067,Ash,EAB,3/3/23
2647 CALIFORNIA ST N E,1002924140028,Ash,EAB,3/6/23
2647 CALIFORNIA ST N E,1002924140028,Ash,EAB,3/6/23
1100 58TH ST W,2102824130132,Ash,EAB,3/7/23
413 23RD AVE N E,1102924310063,Ash,EAB,3/7/23
5135 IRVING AVE N,1111821110261,Ash,EAB,3/7/23
5828 FREMONT AVE S,2102824420086,Ash,EAB,3/7/23
1112 14TH AVE N,1602924430100,Ash,EAB,3/8/23
2311 PENN AVE N   ,1702924110190,Ash,EAB,3/8/23
3403 PIERCE ST N E,102924240068,Ash,EAB,3/8/23
3500 PIERCE ST N E,102924210077,Ash,EAB,3/8/23
3506 PIERCE ST N E,102924210076,Ash,EAB,3/8/23
3551 BUCHANAN ST N E,102924210031,Ash,EAB,3/8/23
3632 BLOOMINGTON AVE,202824430011,Ash,EAB,3/8/23
426 MORGAN AVE N,2102924320206,Ash,EAB,3/8/23
5151 JAMES AVE N,1111821110113,Ash,EAB,3/8/23
5201 KNOX AVE N,1111821110026,Ash,EAB,3/8/23
5228 JAMES AVE N,1111821110145,Ash,EAB,3/8/23
6060 JAMES AVE S,2102824340039,Ash,EAB,3/8/23
6077 JAMES AVE S,2102824340019,Ash,EAB,3/8/23
809 RUSSELL AVE N,2002924140034,Ash,EAB,3/8/23
1500 QUEEN AVE N,1702924440020,Ash,EAB,3/9/23
2426 4TH ST N,1502924220201,Ash,EAB,3/9/23
2930 TYLER ST N E,102924330107,Ash,EAB,3/9/23
2930 TYLER ST N E,102924330107,Ash,EAB,3/9/23
3052 TYLER ST N E,102924330073,Ash,EAB,3/9/23
3311 POLK ST N E,102924230154,Ash,EAB,3/9/23
3315 PIERCE ST N E,102924240126,Ash,EAB,3/9/23
3343 BUCHANAN ST N E,102924240158,Ash,EAB,3/9/23
3358 FILLMORE ST N E,102924230167,Ash,EAB,3/9/23
3359 FILLMORE ST N E,102924240110,Ash,EAB,3/9/23
3430 TYLER ST N E,102924230080,Ash,EAB,3/9/23
3434 TYLER ST N E,102924230079,Ash,EAB,3/9/23
5405 BRYANT AVE S,2102824110025,Ash,EAB,3/9/23
5405 BRYANT AVE S,2102824110025,Ash,EAB,3/9/23
5520 BRYANT AVE S,2102824110138,Ash,EAB,3/9/23
5525 DUPONT AVE S,2102824110125,Ash,EAB,3/9/23
5537 DUPONT AVE S,2102824110122,Ash,EAB,3/9/23
5608 BRYANT AVE S,2102824140003,Ash,EAB,3/9/23
5843 SUNRISE DR,2102824310001,Ash,EAB,3/9/23
821 54TH ST W,2102824110026,Ash,EAB,3/9/23
2106 FREMONT AVE N,1602924130072,Ash,EAB,3/10/23
2914 DUPONT AVE N,902924410107,Ash,EAB,3/13/23
145 CEDAR LAKE RD N ,2102924340023,Ash,EAB,3/16/23
2939 WASHBURN AVE N,802924420067,Ash,EAB,3/16/23
5141 LOGAN AVE N,1111821120127,Ash,EAB,3/20/23
5141 LOGAN AVE N,1111821120127,Ash,EAB,3/20/23
5217 MORGAN AVE N,1111821120041,Ash,EAB,3/20/23
1615 LOWRY AVE N,902924310074,Ash,EAB,3/22/23
2014 POLK ST N E,1202924330208,Ash,EAB,3/22/23
2235 BENJAMIN ST N E,1202924410092,Ash,EAB,3/27/23
5214 OLIVER AVE N,1111821120067,Ash,EAB,3/27/23
200 27TH ST E   ,3402924420240,Ash,EAB,3/28/23
3029 7TH ST N E,202924440011,Ash,EAB,3/28/23
3029 7TH ST N E,202924440011,Ash,EAB,3/28/23
3029 7TH ST N E,202924440011,Ash,EAB,3/28/23
3029 7TH ST N E,202924440011,Ash,EAB,3/28/23
3029 7TH ST N E,202924440011,Ash,EAB,3/28/23
4916 QUEEN AVE N,1111821240146,Ash,EAB,3/28/23
4949 QUEEN AVE N,1111821240155,Ash,EAB,3/28/23
2601 7TH ST N E,1102924130211,Ash,EAB,3/29/23
2622 7TH ST N E,1102924240062,Ash,EAB,3/29/23
2624 7TH ST N E,1102924240063,Ash,EAB,3/29/23
2643 6TH ST N E,1102924240072,Ash,EAB,3/29/23
2651 6TH ST NE,1102924240070,Ash,EAB,3/29/23
4902 VINCENT AVE N,1111821230026,Ash,EAB,3/29/23
4910 VINCENT AVE N,1111821230028,Ash,EAB,3/29/23
5027 RUSSELL AVE N,1111821240001,Ash,EAB,3/29/23
105 VALLEYVIEW PL,1502824340086,Ash,EAB,3/30/23
5215 VINCENT AVE N,1111821220066,Ash,EAB,3/30/23
5245 VINCENT AVE N,1111821220059,Ash,EAB,3/30/23
814 VINCENT AVE N   ,2002924130028,Ash,EAB,3/30/23
2524 BRIGHTON AVE N E,1202924130124,Ash,EAB,4/4/23
2524 BRIGHTON AVE N E,1202924130124,Ash,EAB,4/4/23
2524 BRIGHTON AVE N E,1202924130124,Ash,EAB,4/4/23
2524 BRIGHTON AVE N E,1202924130124,Ash,EAB,4/4/23
3822 ALDRICH AVE N,402924410163,Ash,EAB,4/10/23
1800 5TH ST N E,1102924340236,Ash,EAB,4/11/23
1816 5TH ST N E,1102924340117,Ash,EAB,4/11/23
1819 4TH ST N E,1102924340119,Ash,EAB,4/11/23
1919 4TH ST N E,1102924340109,Ash,EAB,4/11/23
2000 6TH ST N E,1102924340059,Ash,EAB,4/11/23
2008 6TH ST N E,1102924340060,Ash,EAB,4/11/23
2102 RUSSELL AVE N,1702924140185,Ash,EAB,4/11/23
2426 WEST BROADWAY,802924440001,Ash,EAB,4/11/23
2426 WEST BROADWAY,802924440001,Ash,EAB,4/11/23
2426 WEST BROADWAY,802924440001,Ash,EAB,4/11/23
2426 WEST BROADWAY,802924440001,Ash,EAB,4/11/23
2426 WEST BROADWAY,802924440001,Ash,EAB,4/11/23
4355 NEWTON AVE N,402924220117,Ash,EAB,4/11/23
4356 HUMBOLDT AVE N,402924120087,Ash,EAB,4/11/23
4410 JAMES AVE N,1411821110038,Ash,EAB,4/11/23
4520 OSSEO RD,1111821340125,Ash,EAB,4/11/23
2622 JEFFERSON ST N E,1102924130185,Ash,EAB,4/12/23
2631 7TH ST NE,1102924130223,Ash,EAB,4/12/23
2633 7TH ST N E,1102924130222,Ash,EAB,4/12/23
4023 PENN AVE N,502924140214,Ash,EAB,4/12/23
4150 SHERIDAN AVE N,502924140124,Ash,EAB,4/12/23
4221 PENN AVE N,502924110146,Ash,EAB,4/12/23
4339 SHERIDAN AVE N,502924110048,Ash,EAB,4/12/23
4358 SHERIDAN AVE N,502924110039,Ash,EAB,4/12/23
2317 7TH ST N E,1102924420057,Ash,EAB,4/13/23
3125 39TH AVE S,602823120121,Ash,EAB,4/13/23
5017 VINCENT AVE S,1702824420052,Ash,EAB,7/19/23
4415 41ST AVE S,702823430017,Ash,EAB,9/6/23
3505 ST PAUL AVE,3202924340515,Ash,EAB,9/11/23
4015 LYNDALE AVE S,1002824230118,Ash,EAB,10/3/23